"No.","Time","Source","Destination","Protocol","Length","Info"
"1","0.000000000","192.168.43.15","91.189.92.38","TCP","68","36378  >  443 [ACK] Seq=1 Ack=1 Win=501 Len=0 TSval=2408485880 TSecr=219759259"
"2","0.385805007","91.189.92.38","192.168.43.15","TCP","68","[TCP ACKed unseen segment] 443  >  36378 [ACK] Seq=1 Ack=2 Win=343 Len=0 TSval=219767018 TSecr=2408455239"
"3","0.751441343","192.168.43.84","192.168.43.255","DB-LSP-DISC","178","Dropbox LAN sync Discovery Protocol"
"4","5.404553061","AsustekC_2a:97:28","","ARP","62","Who has 192.168.43.15? Tell 192.168.43.110"
"5","5.404574990","PcsCompu_33:94:08","","ARP","44","192.168.43.15 is at 08:00:27:33:94:08"
"6","16.770715406","AsustekC_2a:97:28","","ARP","62","Who has 192.168.43.84? Tell 192.168.43.110"
"7","17.571552784","127.0.0.1","127.0.0.53","DNS","97","Standard query 0xe0d2 A detectportal.firefox.com OPT"
"8","17.571989034","192.168.43.15","192.168.43.110","DNS","86","Standard query 0xeca5 A detectportal.firefox.com"
"9","17.576218859","127.0.0.1","127.0.0.53","DNS","97","Standard query 0x28e4 AAAA detectportal.firefox.com OPT"
"10","17.576442222","192.168.43.15","192.168.43.110","DNS","86","Standard query 0x2ec9 AAAA detectportal.firefox.com"
"11","17.624463619","192.168.43.110","192.168.43.15","DNS","244","Standard query response 0xeca5 A detectportal.firefox.com CNAME detectportal.prod.mozaws.net CNAME detectportal.firefox.com-v2.edgesuite.net CNAME a1089.dscd.akamai.net A 49.44.198.184 A 49.44.198.218"
"12","17.625206255","127.0.0.53","127.0.0.1","DNS","255","Standard query response 0xe0d2 A detectportal.firefox.com CNAME detectportal.prod.mozaws.net CNAME detectportal.firefox.com-v2.edgesuite.net CNAME a1089.dscd.akamai.net A 49.44.198.218 A 49.44.198.184 OPT"
"13","17.632770265","192.168.43.110","192.168.43.15","DNS","268","Standard query response 0x2ec9 AAAA detectportal.firefox.com CNAME detectportal.prod.mozaws.net CNAME detectportal.firefox.com-v2.edgesuite.net CNAME a1089.dscd.akamai.net AAAA 2405:200:160b:1731::312c:c6b8 AAAA 2405:200:160b:1731::312c:c6da"
"14","17.633521088","127.0.0.53","127.0.0.1","DNS","279","Standard query response 0x28e4 AAAA detectportal.firefox.com CNAME detectportal.prod.mozaws.net CNAME detectportal.firefox.com-v2.edgesuite.net CNAME a1089.dscd.akamai.net AAAA 2405:200:160b:1731::312c:c6da AAAA 2405:200:160b:1731::312c:c6b8 OPT"
"15","17.636610513","2409:4042:2285:ab5e:7882:27e9:d694:e041","2405:200:160b:1731::312c:c6da","TCP","96","36136  >  80 [SYN] Seq=0 Win=64800 Len=0 MSS=1440 SACK_PERM=1 TSval=3850969906 TSecr=0 WS=128"
"16","17.704554649","2405:200:160b:1731::312c:c6da","2409:4042:2285:ab5e:7882:27e9:d694:e041","TCP","96","80  >  36136 [SYN, ACK] Seq=0 Ack=1 Win=28560 Len=0 MSS=1370 SACK_PERM=1 TSval=3289019980 TSecr=3850969906 WS=128"
"17","17.704604293","2409:4042:2285:ab5e:7882:27e9:d694:e041","2405:200:160b:1731::312c:c6da","TCP","88","36136  >  80 [ACK] Seq=1 Ack=1 Win=64896 Len=0 TSval=3850969974 TSecr=3289019980"
"18","17.705013576","2409:4042:2285:ab5e:7882:27e9:d694:e041","2405:200:160b:1731::312c:c6da","HTTP","384","GET /success.txt HTTP/1.1 "
"19","17.784722177","2405:200:160b:1731::312c:c6da","2409:4042:2285:ab5e:7882:27e9:d694:e041","TCP","88","80  >  36136 [ACK] Seq=1 Ack=297 Win=29696 Len=0 TSval=3289020053 TSecr=3850969975"
"20","17.784746984","2405:200:160b:1731::312c:c6da","2409:4042:2285:ab5e:7882:27e9:d694:e041","HTTP","472","HTTP/1.1 200 OK  (text/plain)"
"21","17.784761890","2409:4042:2285:ab5e:7882:27e9:d694:e041","2405:200:160b:1731::312c:c6da","TCP","88","36136  >  80 [ACK] Seq=297 Ack=385 Win=64512 Len=0 TSval=3850970054 TSecr=3289020053"
"22","19.330106475","91.189.92.38","192.168.43.15","TLSv1.2","99","[TCP ACKed unseen segment] , Encrypted Alert"
"23","19.330157326","91.189.92.38","192.168.43.15","TCP","68","[TCP ACKed unseen segment] 443  >  36378 [FIN, ACK] Seq=32 Ack=2 Win=343 Len=0 TSval=219771756 TSecr=2408455239"
"24","19.330307157","192.168.43.15","91.189.92.38","TLSv1.2","99","[TCP Previous segment not captured] , Encrypted Alert"
"25","19.330470333","192.168.43.15","91.189.92.38","TCP","68","36378  >  443 [FIN, ACK] Seq=33 Ack=33 Win=501 Len=0 TSval=2408505210 TSecr=219771756"
"26","19.945074779","91.189.92.38","192.168.43.15","TCP","62","443  >  36378 [RST] Seq=33 Win=0 Len=0"
"27","21.840163737","192.168.43.84","192.168.43.15","UDP","72","57817  >  2054 Len=28"
"28","21.840206082","192.168.43.15","192.168.43.84","ICMP","100","Destination unreachable (Port unreachable)"
"29","22.710057411","AsustekC_2a:97:28","","ARP","62","Who has 192.168.43.15? Tell 192.168.43.110"
"30","22.710080266","PcsCompu_33:94:08","","ARP","44","192.168.43.15 is at 08:00:27:33:94:08"
"31","22.714787860","fe80::692:26ff:fe2a:9728","2409:4042:2285:ab5e:7882:27e9:d694:e041","ICMPv6","88","Neighbor Solicitation for 2409:4042:2285:ab5e:7882:27e9:d694:e041 from 04:92:26:2a:97:28"
"32","22.714827688","2409:4042:2285:ab5e:7882:27e9:d694:e041","fe80::692:26ff:fe2a:9728","ICMPv6","80","Neighbor Advertisement 2409:4042:2285:ab5e:7882:27e9:d694:e041 (sol)"
"33","22.784029637","PcsCompu_33:94:08","","ARP","44","Who has 192.168.43.110? Tell 192.168.43.15"
"34","22.788861022","AsustekC_2a:97:28","","ARP","62","192.168.43.110 is at 04:92:26:2a:97:28"
"35","23.144489543","127.0.0.1","127.0.0.53","DNS","97","Standard query 0xcbab A detectportal.firefox.com OPT"
"36","23.145165269","127.0.0.53","127.0.0.1","DNS","255","Standard query response 0xcbab A detectportal.firefox.com CNAME detectportal.prod.mozaws.net CNAME detectportal.firefox.com-v2.edgesuite.net CNAME a1089.dscd.akamai.net A 49.44.198.218 A 49.44.198.184 OPT"
"37","23.145218932","127.0.0.1","127.0.0.53","DNS","97","Standard query 0x0fbf AAAA detectportal.firefox.com OPT"
"38","23.145772710","127.0.0.53","127.0.0.1","DNS","279","Standard query response 0x0fbf AAAA detectportal.firefox.com CNAME detectportal.prod.mozaws.net CNAME detectportal.firefox.com-v2.edgesuite.net CNAME a1089.dscd.akamai.net AAAA 2405:200:160b:1731::312c:c6da AAAA 2405:200:160b:1731::312c:c6b8 OPT"
"39","23.149486042","2409:4042:2285:ab5e:7882:27e9:d694:e041","2405:200:160b:1731::312c:c6da","HTTP","384","GET /success.txt HTTP/1.1 "
"40","23.424255286","2409:4042:2285:ab5e:7882:27e9:d694:e041","2405:200:160b:1731::312c:c6da","TCP","384","[TCP Retransmission] 36136  >  80 [PSH, ACK] Seq=297 Ack=385 Win=64512 Len=296 TSval=3850975694 TSecr=3289020053"
"41","23.426117158","2405:200:160b:1731::312c:c6da","2409:4042:2285:ab5e:7882:27e9:d694:e041","HTTP","472","HTTP/1.1 200 OK  (text/plain)"
"42","23.426151320","2409:4042:2285:ab5e:7882:27e9:d694:e041","2405:200:160b:1731::312c:c6da","TCP","88","36136  >  80 [ACK] Seq=593 Ack=769 Win=64128 Len=0 TSval=3850975696 TSecr=3289025616"
"43","23.504223045","2405:200:160b:1731::312c:c6da","2409:4042:2285:ab5e:7882:27e9:d694:e041","TCP","100","[TCP Dup ACK 41#1] 80  >  36136 [ACK] Seq=769 Ack=593 Win=30720 Len=0 TSval=3289025776 TSecr=3850975696 SLE=297 SRE=593"
"44","26.575617187","IntelCor_2b:38:ba","","ARP","62","Who has 192.168.43.15? Tell 192.168.43.84"
"45","26.575639400","PcsCompu_33:94:08","","ARP","44","192.168.43.15 is at 08:00:27:33:94:08"
"46","26.879798977","PcsCompu_33:94:08","","ARP","44","Who has 192.168.43.84? Tell 192.168.43.15"
"47","26.880164755","IntelCor_2b:38:ba","","ARP","62","192.168.43.84 is at 5c:87:9c:2b:38:ba"
"48","27.268665848","127.0.0.1","127.0.0.53","DNS","99","Standard query 0xcc5c A tiles.services.mozilla.com OPT"
"49","27.268973116","192.168.43.15","192.168.43.110","DNS","88","Standard query 0x38fd A tiles.services.mozilla.com"
"50","27.269143569","127.0.0.1","127.0.0.53","DNS","99","Standard query 0x9871 AAAA tiles.services.mozilla.com OPT"
"51","27.269412019","192.168.43.15","192.168.43.110","DNS","88","Standard query 0x641b AAAA tiles.services.mozilla.com"
"52","27.419676553","192.168.43.110","192.168.43.15","DNS","242","Standard query response 0x38fd A tiles.services.mozilla.com CNAME tiles.r53-2.services.mozilla.com A 54.68.132.173 A 54.69.207.70 A 54.186.225.209 A 34.223.160.244 A 52.39.125.254 A 52.89.51.22 A 52.39.224.180 A 35.155.128.5"
"53","27.419708290","192.168.43.110","192.168.43.15","DNS","196","Standard query response 0x641b AAAA tiles.services.mozilla.com CNAME tiles.r53-2.services.mozilla.com SOA ns-1507.awsdns-60.org"
"54","27.420885208","192.168.43.15","192.168.43.110","DNS","94","Standard query 0xfba5 AAAA tiles.r53-2.services.mozilla.com"
"55","27.420447575","127.0.0.53","127.0.0.1","DNS","253","Standard query response 0xcc5c A tiles.services.mozilla.com CNAME tiles.r53-2.services.mozilla.com A 35.155.128.5 A 52.39.224.180 A 52.89.51.22 A 52.39.125.254 A 34.223.160.244 A 54.186.225.209 A 54.69.207.70 A 54.68.132.173 OPT"
"56","27.424453382","192.168.43.110","192.168.43.15","DNS","94","Standard query response 0xfba5 AAAA tiles.r53-2.services.mozilla.com"
"57","27.424627069","127.0.0.53","127.0.0.1","DNS","125","Standard query response 0x9871 AAAA tiles.services.mozilla.com CNAME tiles.r53-2.services.mozilla.com OPT"
"58","27.425299369","192.168.43.15","35.155.128.5","TCP","76","54594  >  443 [SYN] Seq=0 Win=64240 Len=0 MSS=1460 SACK_PERM=1 TSval=2295133779 TSecr=0 WS=128"
"59","27.854782667","192.168.43.15","35.155.128.5","TCP","76","54596  >  443 [SYN] Seq=0 Win=64240 Len=0 MSS=1460 SACK_PERM=1 TSval=2295134208 TSecr=0 WS=128"
"60","27.858921155","35.155.128.5","192.168.43.15","TCP","76","443  >  54594 [SYN, ACK] Seq=0 Ack=1 Win=26847 Len=0 MSS=1370 SACK_PERM=1 TSval=1701678032 TSecr=2295133779 WS=256"
"61","27.859021097","192.168.43.15","35.155.128.5","TCP","68","54594  >  443 [ACK] Seq=1 Ack=1 Win=64256 Len=0 TSval=2295134213 TSecr=1701678032"
"62","27.865265550","192.168.43.15","35.155.128.5","TLSv1.2","585","Client Hello"
"63","28.308421251","127.0.0.1","127.0.0.53","DNS","97","Standard query 0x0470 A snippets.cdn.mozilla.net OPT"
"64","28.308706770","192.168.43.15","192.168.43.110","DNS","86","Standard query 0x5ec9 A snippets.cdn.mozilla.net"
"65","28.308877216","127.0.0.1","127.0.0.53","DNS","97","Standard query 0x4480 AAAA snippets.cdn.mozilla.net OPT"
"66","28.309061844","192.168.43.15","192.168.43.110","DNS","86","Standard query 0xc1f8 AAAA snippets.cdn.mozilla.net"
"67","28.370254711","35.155.128.5","192.168.43.15","TCP","76","443  >  54596 [SYN, ACK] Seq=0 Ack=1 Win=26847 Len=0 MSS=1370 SACK_PERM=1 TSval=1701678505 TSecr=2295134208 WS=256"
"68","28.370303532","192.168.43.15","35.155.128.5","TCP","68","54596  >  443 [ACK] Seq=1 Ack=1 Win=64256 Len=0 TSval=2295134724 TSecr=1701678505"
"69","28.370340816","35.155.128.5","192.168.43.15","TCP","68","443  >  54594 [ACK] Seq=1 Ack=518 Win=27136 Len=0 TSval=1701678518 TSecr=2295134219"
"70","28.373406984","192.168.43.15","35.155.128.5","TLSv1.2","585","Client Hello"
"71","28.389851278","35.155.128.5","192.168.43.15","TLSv1.2","1356","Server Hello"
"72","28.389879415","192.168.43.15","35.155.128.5","TCP","68","54594  >  443 [ACK] Seq=518 Ack=1289 Win=64128 Len=0 TSval=2295134744 TSecr=1701678520"
"73","28.392978237","35.155.128.5","192.168.43.15","TCP","1356","443  >  54594 [ACK] Seq=1289 Ack=518 Win=27136 Len=1288 TSval=1701678520 TSecr=2295134219 [TCP segment of a reassembled PDU]"
"74","28.392998153","192.168.43.15","35.155.128.5","TCP","68","54594  >  443 [ACK] Seq=518 Ack=2577 Win=64128 Len=0 TSval=2295134747 TSecr=1701678520"
"75","28.394036565","35.155.128.5","192.168.43.15","TLSv1.2","506","Certificate, Server Key Exchange, Server Hello Done"
"76","28.394048227","192.168.43.15","35.155.128.5","TCP","68","54594  >  443 [ACK] Seq=518 Ack=3015 Win=64128 Len=0 TSval=2295134748 TSecr=1701678520"
"77","28.395453847","192.168.43.110","192.168.43.15","DNS","190","Standard query response 0x5ec9 A snippets.cdn.mozilla.net CNAME d228z91au11ukj.cloudfront.net A 13.227.143.69 A 13.227.143.26 A 13.227.143.19 A 13.227.143.99"
"78","28.395936155","127.0.0.53","127.0.0.1","DNS","201","Standard query response 0x0470 A snippets.cdn.mozilla.net CNAME d228z91au11ukj.cloudfront.net A 13.227.143.99 A 13.227.143.19 A 13.227.143.26 A 13.227.143.69 OPT"
"79","28.435481209","192.168.43.110","192.168.43.15","DNS","207","Standard query response 0xc1f8 AAAA snippets.cdn.mozilla.net CNAME d228z91au11ukj.cloudfront.net SOA ns-889.awsdns-47.net"
"80","28.435966930","192.168.43.15","192.168.43.110","DNS","91","Standard query 0x371d AAAA d228z91au11ukj.cloudfront.net"
"81","28.447670295","127.0.0.1","127.0.0.53","DNS","97","Standard query 0x640c A detectportal.firefox.com OPT"
"82","28.448439028","192.168.43.15","192.168.43.110","DNS","83","Standard query 0x6766 A a1089.dscd.akamai.net"
"83","28.450404144","192.168.43.110","192.168.43.15","DNS","91","Standard query response 0x371d AAAA d228z91au11ukj.cloudfront.net"
"84","28.450590150","127.0.0.53","127.0.0.1","DNS","137","Standard query response 0x4480 AAAA snippets.cdn.mozilla.net CNAME d228z91au11ukj.cloudfront.net OPT"
"85","28.450806695","127.0.0.1","127.0.0.53","DNS","97","Standard query 0x841b AAAA detectportal.firefox.com OPT"
"86","28.451420870","127.0.0.53","127.0.0.1","DNS","279","Standard query response 0x841b AAAA detectportal.firefox.com CNAME detectportal.prod.mozaws.net CNAME detectportal.firefox.com-v2.edgesuite.net CNAME a1089.dscd.akamai.net AAAA 2405:200:160b:1731::312c:c6da AAAA 2405:200:160b:1731::312c:c6b8 OPT"
"87","28.457691437","192.168.43.15","35.155.128.5","TLSv1.2","194","Client Key Exchange, Change Cipher Spec, Encrypted Handshake Message"
"88","28.459764305","2409:4042:2285:ab5e:7882:27e9:d694:e041","2405:200:160b:1731::312c:c6da","HTTP","384","GET /success.txt HTTP/1.1 "
"89","28.460188381","192.168.43.15","13.227.143.99","TCP","76","35052  >  443 [SYN] Seq=0 Win=64240 Len=0 MSS=1460 SACK_PERM=1 TSval=2454752975 TSecr=0 WS=128"
"90","28.503162491","192.168.43.110","192.168.43.15","DNS","115","Standard query response 0x6766 A a1089.dscd.akamai.net A 49.44.198.184 A 49.44.198.218"
"91","28.503507688","127.0.0.53","127.0.0.1","DNS","255","Standard query response 0x640c A detectportal.firefox.com CNAME detectportal.prod.mozaws.net CNAME detectportal.firefox.com-v2.edgesuite.net CNAME a1089.dscd.akamai.net A 49.44.198.184 A 49.44.198.218 OPT"
"92","28.545247649","2405:200:160b:1731::312c:c6da","2409:4042:2285:ab5e:7882:27e9:d694:e041","TCP","88","80  >  36136 [ACK] Seq=769 Ack=889 Win=31872 Len=0 TSval=3289030811 TSecr=3850980729"
"93","28.545272951","2405:200:160b:1731::312c:c6da","2409:4042:2285:ab5e:7882:27e9:d694:e041","HTTP","472","HTTP/1.1 200 OK  (text/plain)"
"94","28.545287257","2409:4042:2285:ab5e:7882:27e9:d694:e041","2405:200:160b:1731::312c:c6da","TCP","88","36136  >  80 [ACK] Seq=889 Ack=1153 Win=64128 Len=0 TSval=3850980815 TSecr=3289030812"
"95","28.550468264","13.227.143.99","192.168.43.15","TCP","76","443  >  35052 [SYN, ACK] Seq=0 Ack=1 Win=28960 Len=0 MSS=1370 SACK_PERM=1 TSval=373530646 TSecr=2454752975 WS=256"
"96","28.550507500","192.168.43.15","13.227.143.99","TCP","68","35052  >  443 [ACK] Seq=1 Ack=1 Win=64256 Len=0 TSval=2454753065 TSecr=373530646"
"97","28.553250433","192.168.43.15","13.227.143.99","TLSv1.2","585","Client Hello"
"98","28.643075630","13.227.143.99","192.168.43.15","TCP","68","443  >  35052 [ACK] Seq=1 Ack=518 Win=30208 Len=0 TSval=373530655 TSecr=2454753068"
"99","28.647671774","13.227.143.99","192.168.43.15","TLSv1.2","1426","Server Hello"
"100","28.647695160","192.168.43.15","13.227.143.99","TCP","68","35052  >  443 [ACK] Seq=518 Ack=1359 Win=64128 Len=0 TSval=2454753162 TSecr=373530656"
"101","28.649001175","13.227.143.99","192.168.43.15","TCP","1426","443  >  35052 [ACK] Seq=1359 Ack=518 Win=30208 Len=1358 TSval=373530656 TSecr=2454753068 [TCP segment of a reassembled PDU]"
"102","28.649016033","192.168.43.15","13.227.143.99","TCP","68","35052  >  443 [ACK] Seq=518 Ack=2717 Win=64128 Len=0 TSval=2454753164 TSecr=373530656"
"103","28.650360360","13.227.143.99","192.168.43.15","TLSv1.2","1067","Certificate, Certificate Status, Server Key Exchange, Server Hello Done"
"104","28.650373832","192.168.43.15","13.227.143.99","TCP","68","35052  >  443 [ACK] Seq=518 Ack=3716 Win=64128 Len=0 TSval=2454753165 TSecr=373530656"
"105","28.676486559","192.168.43.15","13.227.143.99","TLSv1.2","194","Client Key Exchange, Change Cipher Spec, Encrypted Handshake Message"
"106","28.744225326","35.155.128.5","192.168.43.15","TCP","68","443  >  54596 [ACK] Seq=1 Ack=518 Win=28160 Len=0 TSval=1701679065 TSecr=2295134727"
"107","28.745974127","35.155.128.5","192.168.43.15","TLSv1.2","1426","Server Hello"
"108","28.745994489","192.168.43.15","35.155.128.5","TCP","68","54596  >  443 [ACK] Seq=518 Ack=1359 Win=64128 Len=0 TSval=2295135100 TSecr=1701679066"
"109","28.749987999","35.155.128.5","192.168.43.15","TLSv1.2","1426","Certificate [TCP segment of a reassembled PDU]"
"110","28.750006054","192.168.43.15","35.155.128.5","TCP","68","54596  >  443 [ACK] Seq=518 Ack=2717 Win=64128 Len=0 TSval=2295135104 TSecr=1701679066"
"111","28.750044578","35.155.128.5","192.168.43.15","TLSv1.2","366","Server Key Exchange, Server Hello Done"
"112","28.750053277","192.168.43.15","35.155.128.5","TCP","68","54596  >  443 [ACK] Seq=518 Ack=3015 Win=63872 Len=0 TSval=2295135104 TSecr=1701679067"
"113","28.752801387","13.227.143.99","192.168.43.15","TCP","68","443  >  35052 [ACK] Seq=3716 Ack=644 Win=30208 Len=0 TSval=373530666 TSecr=2454753191"
"114","28.752815052","13.227.143.99","192.168.43.15","TLSv1.2","310","New Session Ticket, Change Cipher Spec, Encrypted Handshake Message"
"115","28.767101264","35.155.128.5","192.168.43.15","TLSv1.2","119","Change Cipher Spec, Encrypted Handshake Message"
"116","28.767134075","192.168.43.15","35.155.128.5","TCP","68","54594  >  443 [ACK] Seq=644 Ack=3066 Win=64128 Len=0 TSval=2295135121 TSecr=1701679091"
"117","28.774598173","192.168.43.15","35.155.128.5","TLSv1.2","194","Client Key Exchange, Change Cipher Spec, Encrypted Handshake Message"
"118","28.796233574","192.168.43.15","13.227.143.99","TCP","68","35052  >  443 [ACK] Seq=644 Ack=3958 Win=64128 Len=0 TSval=2454753311 TSecr=373530666"
"119","29.161317090","35.155.128.5","192.168.43.15","TLSv1.2","119","Change Cipher Spec, Encrypted Handshake Message"
"120","29.204068059","192.168.43.15","35.155.128.5","TCP","68","54596  >  443 [ACK] Seq=644 Ack=3066 Win=64128 Len=0 TSval=2295135558 TSecr=1701679423"
"121","30.207005666","192.168.43.15","13.227.143.99","TLSv1.2","494","Application Data"
"122","30.207428275","192.168.43.15","13.227.143.99","TLSv1.2","99","Encrypted Alert"
"123","30.207603418","192.168.43.15","13.227.143.99","TCP","68","35052  >  443 [FIN, ACK] Seq=1101 Ack=3958 Win=64128 Len=0 TSval=2454754722 TSecr=373530666"
"124","30.300239573","127.0.0.1","127.0.0.53","DNS","90","Standard query 0x2819 A ocsp.digicert.com OPT"
"125","30.300739047","127.0.0.53","127.0.0.1","DNS","138","Standard query response 0x2819 A ocsp.digicert.com CNAME cs9.wac.phicdn.net A 117.18.237.29 OPT"
"126","30.300787288","127.0.0.1","127.0.0.53","DNS","90","Standard query 0x7827 AAAA ocsp.digicert.com OPT"
"127","30.301114066","192.168.43.15","192.168.43.110","DNS","80","Standard query 0x90c8 AAAA cs9.wac.phicdn.net"
"128","30.307165668","192.168.43.110","192.168.43.15","DNS","80","Standard query response 0x90c8 AAAA cs9.wac.phicdn.net"
"129","30.307403048","127.0.0.53","127.0.0.1","DNS","122","Standard query response 0x7827 AAAA ocsp.digicert.com CNAME cs9.wac.phicdn.net OPT"
"130","30.307841842","192.168.43.15","117.18.237.29","TCP","76","38468  >  80 [SYN] Seq=0 Win=64240 Len=0 MSS=1460 SACK_PERM=1 TSval=288992387 TSecr=0 WS=128"
"131","30.320042778","192.168.43.15","117.18.237.29","TCP","76","38470  >  80 [SYN] Seq=0 Win=64240 Len=0 MSS=1460 SACK_PERM=1 TSval=288992399 TSecr=0 WS=128"
"132","30.330231646","13.227.143.99","192.168.43.15","TLSv1.2","806","Application Data"
"133","30.330274871","192.168.43.15","13.227.143.99","TCP","56","35052  >  443 [RST] Seq=1070 Win=0 Len=0"
"134","30.330317649","13.227.143.99","192.168.43.15","TCP","68","443  >  35052 [FIN, ACK] Seq=4696 Ack=1101 Win=31232 Len=0 TSval=373530824 TSecr=2454754722"
"135","30.330326616","192.168.43.15","13.227.143.99","TCP","56","35052  >  443 [RST] Seq=1101 Win=0 Len=0"
"136","30.330805504","13.227.143.99","192.168.43.15","TCP","68","443  >  35052 [ACK] Seq=4697 Ack=1102 Win=31232 Len=0 TSval=373530824 TSecr=2454754722"
"137","30.330819148","192.168.43.15","13.227.143.99","TCP","56","35052  >  443 [RST] Seq=1102 Win=0 Len=0"
"138","30.357559758","127.0.0.1","127.0.0.53","DNS","88","Standard query 0xdccc A www.youtube.com OPT"
"139","30.358179277","192.168.43.15","192.168.43.110","DNS","85","Standard query 0x07a0 A youtube-ui.l.google.com"
"140","30.358389922","127.0.0.1","127.0.0.53","DNS","88","Standard query 0x44e0 AAAA www.youtube.com OPT"
"141","30.358843370","192.168.43.15","192.168.43.110","DNS","85","Standard query 0x4f25 AAAA youtube-ui.l.google.com"
"142","30.360054520","127.0.0.1","127.0.0.53","DNS","88","Standard query 0xe454 A mail.google.com OPT"
"143","30.360431311","192.168.43.15","192.168.43.110","DNS","85","Standard query 0xd305 A googlemail.l.google.com"
"144","30.360639548","127.0.0.1","127.0.0.53","DNS","88","Standard query 0x8861 AAAA mail.google.com OPT"
"145","30.360995978","192.168.43.15","192.168.43.110","DNS","85","Standard query 0x15ea AAAA googlemail.l.google.com"
"146","30.370424620","127.0.0.1","127.0.0.53","DNS","92","Standard query 0x941e A accounts.google.com OPT"
"147","30.370780029","192.168.43.15","192.168.43.110","DNS","81","Standard query 0x064c A accounts.google.com"
"148","30.372490778","127.0.0.1","127.0.0.53","DNS","92","Standard query 0xfc2f AAAA accounts.google.com OPT"
"149","30.372821895","192.168.43.15","192.168.43.110","DNS","81","Standard query 0xd6c3 AAAA accounts.google.com"
"150","30.382229127","117.18.237.29","192.168.43.15","TCP","76","80  >  38468 [SYN, ACK] Seq=0 Ack=1 Win=65535 Len=0 MSS=1370 SACK_PERM=1 TSval=3780566909 TSecr=288992387 WS=512"
"151","30.382278537","192.168.43.15","117.18.237.29","TCP","68","38468  >  80 [ACK] Seq=1 Ack=1 Win=64256 Len=0 TSval=288992461 TSecr=3780566909"
"152","30.423574738","117.18.237.29","192.168.43.15","TCP","76","80  >  38470 [SYN, ACK] Seq=0 Ack=1 Win=65535 Len=0 MSS=1370 SACK_PERM=1 TSval=3725121956 TSecr=288992399 WS=512"
"153","30.423627829","192.168.43.15","117.18.237.29","TCP","68","38470  >  80 [ACK] Seq=1 Ack=1 Win=64256 Len=0 TSval=288992502 TSecr=3725121956"
"154","30.431314252","192.168.43.110","192.168.43.15","DNS","113","Standard query response 0x15ea AAAA googlemail.l.google.com AAAA 2404:6800:4009:809::2005"
"155","30.431707454","127.0.0.53","127.0.0.1","DNS","143","Standard query response 0x8861 AAAA mail.google.com CNAME googlemail.l.google.com AAAA 2404:6800:4009:809::2005 OPT"
"156","30.432041967","192.168.43.110","192.168.43.15","DNS","245","Standard query response 0x07a0 A youtube-ui.l.google.com A 172.217.166.174 A 172.217.167.174 A 216.58.199.174 A 216.58.196.78 A 172.217.160.174 A 172.217.166.78 A 216.58.203.174 A 172.217.27.206 A 172.217.160.206 A 172.217.166.46"
"157","30.432058438","192.168.43.110","192.168.43.15","DNS","113","Standard query response 0x4f25 AAAA youtube-ui.l.google.com AAAA 2404:6800:4009:800::200e"
"158","30.432063541","192.168.43.110","192.168.43.15","DNS","101","Standard query response 0xd305 A googlemail.l.google.com A 216.58.199.133"
"159","30.432424176","127.0.0.53","127.0.0.1","DNS","282","Standard query response 0xdccc A www.youtube.com CNAME youtube-ui.l.google.com A 172.217.166.174 A 172.217.167.174 A 216.58.199.174 A 216.58.196.78 A 172.217.160.174 A 172.217.166.78 A 216.58.203.174 A 172.217.27.206 A 172.217.160.206 A 172.217.166.46 OPT"
"160","30.432562958","127.0.0.53","127.0.0.1","DNS","131","Standard query response 0xe454 A mail.google.com CNAME googlemail.l.google.com A 216.58.199.133 OPT"
"161","30.432751897","127.0.0.53","127.0.0.1","DNS","150","Standard query response 0x44e0 AAAA www.youtube.com CNAME youtube-ui.l.google.com AAAA 2404:6800:4009:800::200e OPT"
"162","30.433390544","127.0.0.1","127.0.0.53","DNS","89","Standard query 0x5043 A www.facebook.com OPT"
"163","30.433804354","192.168.43.15","192.168.43.110","DNS","89","Standard query 0x9985 A star-mini.c10r.facebook.com"
"164","30.434298231","127.0.0.1","127.0.0.53","DNS","90","Standard query 0x842d A www.wikipedia.org OPT"
"165","30.434673100","192.168.43.15","192.168.43.110","DNS","80","Standard query 0x1e69 A dyna.wikimedia.org"
"166","30.434816543","127.0.0.1","127.0.0.53","DNS","90","Standard query 0xc436 AAAA www.wikipedia.org OPT"
"167","30.435168851","192.168.43.15","192.168.43.110","DNS","80","Standard query 0xa037 AAAA dyna.wikimedia.org"
"168","30.435317806","127.0.0.1","127.0.0.53","DNS","89","Standard query 0xf84d AAAA www.facebook.com OPT"
"169","30.435609124","192.168.43.15","192.168.43.110","DNS","89","Standard query 0x27c3 AAAA star-mini.c10r.facebook.com"
"170","30.442142892","192.168.43.110","192.168.43.15","DNS","97","Standard query response 0x064c A accounts.google.com A 172.217.160.173"
"171","30.442390137","127.0.0.53","127.0.0.1","DNS","108","Standard query response 0x941e A accounts.google.com A 172.217.160.173 OPT"
"172","30.463578542","192.168.43.110","192.168.43.15","DNS","109","Standard query response 0xd6c3 AAAA accounts.google.com AAAA 2404:6800:4009:80a::200d"
"173","30.463930373","127.0.0.53","127.0.0.1","DNS","120","Standard query response 0xfc2f AAAA accounts.google.com AAAA 2404:6800:4009:80a::200d OPT"
"174","30.464451876","127.0.0.1","127.0.0.53","DNS","87","Standard query 0x3063 A www.reddit.com OPT"
"175","30.464703628","192.168.43.15","192.168.43.110","DNS","76","Standard query 0x1c0e A www.reddit.com"
"176","30.464857840","127.0.0.1","127.0.0.53","DNS","87","Standard query 0x6470 AAAA www.reddit.com OPT"
"177","30.465063042","192.168.43.15","192.168.43.110","DNS","76","Standard query 0xdf29 AAAA www.reddit.com"
"178","30.492865342","192.168.43.110","192.168.43.15","DNS","105","Standard query response 0x9985 A star-mini.c10r.facebook.com A 31.13.79.35"
"179","30.493204565","127.0.0.53","127.0.0.1","DNS","134","Standard query response 0x5043 A www.facebook.com CNAME star-mini.c10r.facebook.com A 31.13.79.35 OPT"
"180","30.504617185","192.168.43.110","192.168.43.15","DNS","96","Standard query response 0x1e69 A dyna.wikimedia.org A 103.102.166.224"
"181","30.504645400","192.168.43.110","192.168.43.15","DNS","108","Standard query response 0xa037 AAAA dyna.wikimedia.org AAAA 2001:df2:e500:ed1a::1"
"182","30.504650965","192.168.43.110","192.168.43.15","DNS","117","Standard query response 0x27c3 AAAA star-mini.c10r.facebook.com AAAA 2a03:2880:f12f:183:face:b00c:0:25de"
"183","30.504655511","192.168.43.110","192.168.43.15","DNS","127","Standard query response 0x1c0e A www.reddit.com CNAME reddit.map.fastly.net A 151.101.153.140"
"184","30.504663031","192.168.43.110","192.168.43.15","DNS","169","Standard query response 0xdf29 AAAA www.reddit.com CNAME reddit.map.fastly.net SOA ns1.fastly.net"
"185","30.504975967","127.0.0.53","127.0.0.1","DNS","135","Standard query response 0x842d A www.wikipedia.org CNAME dyna.wikimedia.org A 103.102.166.224 OPT"
"186","30.505509172","192.168.43.15","192.168.43.110","DNS","83","Standard query 0x5769 AAAA reddit.map.fastly.net"
"187","30.506065307","127.0.0.53","127.0.0.1","DNS","138","Standard query response 0x3063 A www.reddit.com CNAME reddit.map.fastly.net A 151.101.153.140 OPT"
"188","30.506370138","127.0.0.53","127.0.0.1","DNS","146","Standard query response 0xf84d AAAA www.facebook.com CNAME star-mini.c10r.facebook.com AAAA 2a03:2880:f12f:183:face:b00c:0:25de OPT"
"189","30.506534952","127.0.0.53","127.0.0.1","DNS","147","Standard query response 0xc436 AAAA www.wikipedia.org CNAME dyna.wikimedia.org AAAA 2001:df2:e500:ed1a::1 OPT"
"190","30.507061220","127.0.0.1","127.0.0.53","DNS","109","Standard query 0x20b6 A doc-04-94-docs.googleusercontent.com OPT"
"191","30.507416986","192.168.43.15","192.168.43.110","DNS","98","Standard query 0x58d0 A doc-04-94-docs.googleusercontent.com"
"192","30.508044758","127.0.0.1","127.0.0.53","DNS","86","Standard query 0x0c26 A askubuntu.com OPT"
"193","30.508361361","192.168.43.15","192.168.43.110","DNS","75","Standard query 0x38b3 A askubuntu.com"
"194","30.508643004","127.0.0.1","127.0.0.53","DNS","86","Standard query 0x3430 AAAA askubuntu.com OPT"
"195","30.508890405","192.168.43.15","192.168.43.110","DNS","75","Standard query 0xe0fc AAAA askubuntu.com"
"196","30.509175245","127.0.0.1","127.0.0.53","DNS","109","Standard query 0xb0c4 AAAA doc-04-94-docs.googleusercontent.com OPT"
"197","30.511448509","192.168.43.110","192.168.43.15","DNS","83","Standard query response 0x5769 AAAA reddit.map.fastly.net"
"198","30.512398923","192.168.43.15","192.168.43.110","DNS","98","Standard query 0xcd11 AAAA doc-04-94-docs.googleusercontent.com"
"199","30.512709365","127.0.0.53","127.0.0.1","DNS","122","Standard query response 0x6470 AAAA www.reddit.com CNAME reddit.map.fastly.net OPT"
"200","30.513008435","127.0.0.1","127.0.0.53","DNS","94","Standard query 0xc4fb A www.geeksforgeeks.org OPT"
"201","30.513335004","192.168.43.15","192.168.43.110","DNS","83","Standard query 0xd21f A www.geeksforgeeks.org"
"202","30.513538662","127.0.0.1","127.0.0.53","DNS","94","Standard query 0xc807 AAAA www.geeksforgeeks.org OPT"
"203","30.513786384","192.168.43.15","192.168.43.110","DNS","83","Standard query 0xd888 AAAA www.geeksforgeeks.org"
"204","30.575167375","192.168.43.110","192.168.43.15","DNS","139","Standard query response 0x38b3 A askubuntu.com A 151.101.1.69 A 151.101.65.69 A 151.101.129.69 A 151.101.193.69"
"205","30.575551048","127.0.0.53","127.0.0.1","DNS","150","Standard query response 0x0c26 A askubuntu.com A 151.101.1.69 A 151.101.65.69 A 151.101.129.69 A 151.101.193.69 OPT"
"206","30.576641285","192.168.43.110","192.168.43.15","DNS","165","Standard query response 0xe0fc AAAA askubuntu.com SOA ns-cloud-e1.googledomains.com"
"207","30.576932501","127.0.0.53","127.0.0.1","DNS","86","Standard query response 0x3430 AAAA askubuntu.com OPT"
"208","30.577278453","127.0.0.1","127.0.0.53","DNS","92","Standard query 0x4036 A data-flair.training OPT"
"209","30.577575312","192.168.43.15","192.168.43.110","DNS","81","Standard query 0xd2d5 A data-flair.training"
"210","30.578086778","127.0.0.1","127.0.0.53","DNS","92","Standard query 0x0442 AAAA data-flair.training OPT"
"211","30.578312567","192.168.43.15","192.168.43.110","DNS","81","Standard query 0x0413 AAAA data-flair.training"
"212","30.583354230","192.168.43.110","192.168.43.15","DNS","196","Standard query response 0xd21f A www.geeksforgeeks.org CNAME www.geeksforgeeks.org.edgesuite.net CNAME a1991.dscr.akamai.net A 49.44.115.10 A 49.44.115.33"
"213","30.583375460","192.168.43.110","192.168.43.15","DNS","220","Standard query response 0xd888 AAAA www.geeksforgeeks.org CNAME www.geeksforgeeks.org.edgesuite.net CNAME a1991.dscr.akamai.net AAAA 2405:200:160b:1731::312c:84d6 AAAA 2405:200:160b:1731::312c:7371"
"214","30.583994143","127.0.0.53","127.0.0.1","DNS","207","Standard query response 0xc4fb A www.geeksforgeeks.org CNAME www.geeksforgeeks.org.edgesuite.net CNAME a1991.dscr.akamai.net A 49.44.115.33 A 49.44.115.10 OPT"
"215","30.584576534","127.0.0.53","127.0.0.1","DNS","231","Standard query response 0xc807 AAAA www.geeksforgeeks.org CNAME www.geeksforgeeks.org.edgesuite.net CNAME a1991.dscr.akamai.net AAAA 2405:200:160b:1731::312c:7371 AAAA 2405:200:160b:1731::312c:84d6 OPT"
"216","30.585014011","127.0.0.1","127.0.0.53","DNS","90","Standard query 0x9814 A stackoverflow.com OPT"
"217","30.585221387","192.168.43.15","192.168.43.110","DNS","79","Standard query 0xa82c A stackoverflow.com"
"218","30.585403346","127.0.0.1","127.0.0.53","DNS","90","Standard query 0xa01c AAAA stackoverflow.com OPT"
"219","30.585749292","127.0.0.53","127.0.0.1","DNS","90","Standard query response 0xa01c AAAA stackoverflow.com OPT"
"220","30.636660513","192.168.43.110","192.168.43.15","DNS","143","Standard query response 0xa82c A stackoverflow.com A 151.101.193.69 A 151.101.1.69 A 151.101.65.69 A 151.101.129.69"
"221","30.637008333","127.0.0.53","127.0.0.1","DNS","154","Standard query response 0x9814 A stackoverflow.com A 151.101.193.69 A 151.101.1.69 A 151.101.65.69 A 151.101.129.69 OPT"
"222","30.637425129","127.0.0.1","127.0.0.53","DNS","87","Standard query 0xd41a A www.educba.com OPT"
"223","30.637652594","192.168.43.15","192.168.43.110","DNS","76","Standard query 0x7553 A www.educba.com"
"224","30.637835286","127.0.0.1","127.0.0.53","DNS","87","Standard query 0xe025 AAAA www.educba.com OPT"
"225","30.638003057","127.0.0.53","127.0.0.1","DNS","87","Standard query response 0xe025 AAAA www.educba.com OPT"
"226","30.665958194","192.168.43.110","192.168.43.15","DNS","114","Standard query response 0x58d0 A doc-04-94-docs.googleusercontent.com A 172.217.27.193"
"227","30.665992790","192.168.43.110","192.168.43.15","DNS","97","Standard query response 0xd2d5 A data-flair.training A 13.233.7.148"
"228","30.666339858","127.0.0.53","127.0.0.1","DNS","125","Standard query response 0x20b6 A doc-04-94-docs.googleusercontent.com A 172.217.27.193 OPT"
"229","30.666501255","127.0.0.53","127.0.0.1","DNS","108","Standard query response 0x4036 A data-flair.training A 13.233.7.148 OPT"
"230","30.668641525","192.168.43.110","192.168.43.15","DNS","168","Standard query response 0x0413 AAAA data-flair.training SOA ns-1761.awsdns-28.co.uk"
"231","30.668859597","127.0.0.53","127.0.0.1","DNS","92","Standard query response 0x0442 AAAA data-flair.training OPT"
"232","30.669160895","127.0.0.1","127.0.0.53","DNS","90","Standard query 0x7018 A access.redhat.com OPT"
"233","30.669678997","192.168.43.15","192.168.43.110","DNS","83","Standard query 0xd154 A e133.b.akamaiedge.net"
"234","30.669884016","127.0.0.1","127.0.0.53","DNS","90","Standard query 0x2c23 AAAA access.redhat.com OPT"
"235","30.670306175","192.168.43.15","192.168.43.110","DNS","83","Standard query 0xf51d AAAA e133.b.akamaiedge.net"
"236","30.675691462","192.168.43.110","192.168.43.15","DNS","83","Standard query response 0xf51d AAAA e133.b.akamaiedge.net"
"237","30.675929544","127.0.0.53","127.0.0.1","DNS","165","Standard query response 0x2c23 AAAA access.redhat.com CNAME access.redhat.com.edgekey.net CNAME e133.b.akamaiedge.net OPT"
"238","30.683440892","192.168.43.110","192.168.43.15","DNS","126","Standard query response 0xcd11 AAAA doc-04-94-docs.googleusercontent.com AAAA 2404:6800:4009:800::2001"
"239","30.683700694","127.0.0.53","127.0.0.1","DNS","137","Standard query response 0xb0c4 AAAA doc-04-94-docs.googleusercontent.com AAAA 2404:6800:4009:800::2001 OPT"
"240","30.684167672","127.0.0.1","127.0.0.53","DNS","96","Standard query 0x1489 A code-shock.blogspot.com OPT"
"241","30.684458200","192.168.43.15","192.168.43.110","DNS","85","Standard query 0x2d89 A code-shock.blogspot.com"
"242","30.684659347","127.0.0.1","127.0.0.53","DNS","96","Standard query 0x2897 AAAA code-shock.blogspot.com OPT"
"243","30.684852722","192.168.43.15","192.168.43.110","DNS","85","Standard query 0x8ff0 AAAA code-shock.blogspot.com"
"244","30.753871618","192.168.43.110","192.168.43.15","DNS","99","Standard query response 0xd154 A e133.b.akamaiedge.net A 23.57.223.3"
"245","30.754208287","127.0.0.53","127.0.0.1","DNS","181","Standard query response 0x7018 A access.redhat.com CNAME access.redhat.com.edgekey.net CNAME e133.b.akamaiedge.net A 23.57.223.3 OPT"
"246","30.763818057","192.168.43.15","117.18.237.29","OCSP","447","Request"
"247","30.800497123","192.168.43.15","117.18.237.29","OCSP","447","Request"
"248","30.807896643","192.168.43.84","192.168.43.255","DB-LSP-DISC","178","Dropbox LAN sync Discovery Protocol"
"249","30.824844785","192.168.43.110","192.168.43.15","DNS","113","Standard query response 0x8ff0 AAAA code-shock.blogspot.com AAAA 2404:6800:4009:809::2001"
"250","30.825235879","127.0.0.53","127.0.0.1","DNS","124","Standard query response 0x2897 AAAA code-shock.blogspot.com AAAA 2404:6800:4009:809::2001 OPT"
"251","30.872944071","117.18.237.29","192.168.43.15","TCP","68","80  >  38468 [ACK] Seq=1 Ack=380 Win=145920 Len=0 TSval=3780567385 TSecr=288992842"
"252","30.872971752","117.18.237.29","192.168.43.15","OCSP","856","Response"
"253","30.872989773","192.168.43.15","117.18.237.29","TCP","68","38468  >  80 [ACK] Seq=380 Ack=789 Win=64128 Len=0 TSval=288992952 TSecr=3780567385"
"254","30.873044119","192.168.43.110","192.168.43.15","DNS","101","Standard query response 0x2d89 A code-shock.blogspot.com A 216.58.196.65"
"255","30.873544880","127.0.0.53","127.0.0.1","DNS","112","Standard query response 0x1489 A code-shock.blogspot.com A 216.58.196.65 OPT"
"256","30.904029995","117.18.237.29","192.168.43.15","TCP","68","80  >  38470 [ACK] Seq=1 Ack=380 Win=145920 Len=0 TSval=3725122438 TSecr=288992879"
"257","30.905969733","117.18.237.29","192.168.43.15","OCSP","856","Response"
"258","30.905991703","192.168.43.15","117.18.237.29","TCP","68","38470  >  80 [ACK] Seq=380 Ack=789 Win=64128 Len=0 TSval=288992985 TSecr=3725122439"
"259","30.913859829","192.168.43.110","192.168.43.15","DNS","92","Standard query response 0x7553 A www.educba.com A 52.38.87.126"
"260","30.914206403","127.0.0.53","127.0.0.1","DNS","103","Standard query response 0xd41a A www.educba.com A 52.38.87.126 OPT"
"261","31.095760118","192.168.43.15","35.155.128.5","TLSv1.2","647","Application Data"
"262","31.442966173","35.155.128.5","192.168.43.15","TLSv1.2","323","Application Data"
"263","31.443006349","192.168.43.15","35.155.128.5","TCP","68","54594  >  443 [ACK] Seq=1223 Ack=3321 Win=64128 Len=0 TSval=2295137797 TSecr=1701681766"
"264","33.456545342","127.0.0.1","127.0.0.53","DNS","97","Standard query 0xff9a A detectportal.firefox.com OPT"
"265","33.457262381","127.0.0.53","127.0.0.1","DNS","255","Standard query response 0xff9a A detectportal.firefox.com CNAME detectportal.prod.mozaws.net CNAME detectportal.firefox.com-v2.edgesuite.net CNAME a1089.dscd.akamai.net A 49.44.198.218 A 49.44.198.184 OPT"
"266","33.457324330","127.0.0.1","127.0.0.53","DNS","97","Standard query 0x73aa AAAA detectportal.firefox.com OPT"
"267","33.457869257","192.168.43.15","192.168.43.110","DNS","83","Standard query 0x669c AAAA a1089.dscd.akamai.net"
"268","33.464297930","2409:4042:2285:ab5e:7882:27e9:d694:e041","2405:200:160b:1731::312c:c6da","HTTP","384","GET /success.txt HTTP/1.1 "
"269","33.666609788","192.168.43.110","192.168.43.15","DNS","139","Standard query response 0x669c AAAA a1089.dscd.akamai.net AAAA 2405:200:160b:1731::312c:c6da AAAA 2405:200:160b:1731::312c:c6b8"
"270","33.666640698","2405:200:160b:1731::312c:c6da","2409:4042:2285:ab5e:7882:27e9:d694:e041","HTTP","472","HTTP/1.1 200 OK  (text/plain)"
"271","33.666672876","2409:4042:2285:ab5e:7882:27e9:d694:e041","2405:200:160b:1731::312c:c6da","TCP","88","36136  >  80 [ACK] Seq=1185 Ack=1537 Win=64128 Len=0 TSval=3850985936 TSecr=3289035910"
"272","33.667159607","127.0.0.53","127.0.0.1","DNS","279","Standard query response 0x73aa AAAA detectportal.firefox.com CNAME detectportal.prod.mozaws.net CNAME detectportal.firefox.com-v2.edgesuite.net CNAME a1089.dscd.akamai.net AAAA 2405:200:160b:1731::312c:c6da AAAA 2405:200:160b:1731::312c:c6b8 OPT"
"273","33.867064079","192.168.43.15","35.155.128.5","TLSv1.2","99","Encrypted Alert"
"274","33.867203366","192.168.43.15","35.155.128.5","TCP","68","54596  >  443 [FIN, ACK] Seq=675 Ack=3066 Win=64128 Len=0 TSval=2295140221 TSecr=1701679423"
"275","34.280420412","35.155.128.5","192.168.43.15","TLSv1.2","99","Encrypted Alert"
"276","34.280465325","192.168.43.15","35.155.128.5","TCP","56","54596  >  443 [RST] Seq=676 Win=0 Len=0"
"277","34.280509428","35.155.128.5","192.168.43.15","TCP","68","443  >  54596 [FIN, ACK] Seq=3097 Ack=676 Win=28160 Len=0 TSval=1701684524 TSecr=2295140221"
"278","34.280518791","192.168.43.15","35.155.128.5","TCP","56","54596  >  443 [RST] Seq=676 Win=0 Len=0"
"279","35.922687331","127.0.0.1","127.0.0.53","DNS","92","Standard query 0x2ca4 A ajax.googleapis.com OPT"
"280","35.922993993","192.168.43.15","192.168.43.110","DNS","81","Standard query 0x7ce7 A ajax.googleapis.com"
"281","35.923169344","127.0.0.1","127.0.0.53","DNS","92","Standard query 0x98b3 AAAA ajax.googleapis.com OPT"
"282","35.923350506","192.168.43.15","192.168.43.110","DNS","81","Standard query 0x2ded AAAA ajax.googleapis.com"
"283","35.932333523","127.0.0.1","127.0.0.53","DNS","88","Standard query 0x8476 A cdn.sstatic.net OPT"
"284","35.932600441","127.0.0.53","127.0.0.1","DNS","152","Standard query response 0x8476 A cdn.sstatic.net A 151.101.65.69 A 151.101.1.69 A 151.101.193.69 A 151.101.129.69 OPT"
"285","35.932640631","127.0.0.1","127.0.0.53","DNS","88","Standard query 0xb07f AAAA cdn.sstatic.net OPT"
"286","35.932781241","127.0.0.53","127.0.0.1","DNS","88","Standard query response 0xb07f AAAA cdn.sstatic.net OPT"
"287","35.933199380","192.168.43.15","151.101.65.69","TCP","76","57076  >  443 [SYN] Seq=0 Win=64240 Len=0 MSS=1460 SACK_PERM=1 TSval=2670287154 TSecr=0 WS=128"
"288","35.933831365","192.168.43.15","151.101.65.69","TCP","76","57078  >  443 [SYN] Seq=0 Win=64240 Len=0 MSS=1460 SACK_PERM=1 TSval=2670287154 TSecr=0 WS=128"
"289","35.936146717","192.168.43.15","151.101.65.69","TCP","76","57080  >  443 [SYN] Seq=0 Win=64240 Len=0 MSS=1460 SACK_PERM=1 TSval=2670287157 TSecr=0 WS=128"
"290","35.936753651","192.168.43.15","151.101.65.69","TCP","76","57082  >  443 [SYN] Seq=0 Win=64240 Len=0 MSS=1460 SACK_PERM=1 TSval=2670287157 TSecr=0 WS=128"
"291","35.938034007","127.0.0.1","127.0.0.53","DNS","89","Standard query 0x8c13 A www.gravatar.com OPT"
"292","35.938303892","192.168.43.15","192.168.43.110","DNS","78","Standard query 0x129b A www.gravatar.com"
"293","35.938527534","127.0.0.1","127.0.0.53","DNS","89","Standard query 0x6c1c AAAA www.gravatar.com OPT"
"294","35.938718759","192.168.43.15","192.168.43.110","DNS","78","Standard query 0xe7a6 AAAA www.gravatar.com"
"295","36.013292270","192.168.43.110","192.168.43.15","DNS","97","Standard query response 0x7ce7 A ajax.googleapis.com A 172.217.166.74"
"296","36.013324089","192.168.43.110","192.168.43.15","DNS","109","Standard query response 0x2ded AAAA ajax.googleapis.com AAAA 2404:6800:4009:808::200a"
"297","36.013594717","127.0.0.53","127.0.0.1","DNS","108","Standard query response 0x2ca4 A ajax.googleapis.com A 172.217.166.74 OPT"
"298","36.013730878","127.0.0.53","127.0.0.1","DNS","120","Standard query response 0x98b3 AAAA ajax.googleapis.com AAAA 2404:6800:4009:808::200a OPT"
"299","36.014246278","2409:4042:2285:ab5e:7882:27e9:d694:e041","2404:6800:4009:808::200a","TCP","96","58662  >  443 [SYN] Seq=0 Win=64800 Len=0 MSS=1440 SACK_PERM=1 TSval=1602463588 TSecr=0 WS=128"
"300","36.023617462","192.168.43.110","192.168.43.15","DNS","94","Standard query response 0x129b A www.gravatar.com A 192.0.73.2"
"301","36.023638544","192.168.43.110","192.168.43.15","DNS","106","Standard query response 0xe7a6 AAAA www.gravatar.com AAAA 2a04:fa87:fffe::c000:4902"
"302","36.023857411","127.0.0.53","127.0.0.1","DNS","105","Standard query response 0x8c13 A www.gravatar.com A 192.0.73.2 OPT"
"303","36.023979325","127.0.0.53","127.0.0.1","DNS","117","Standard query response 0x6c1c AAAA www.gravatar.com AAAA 2a04:fa87:fffe::c000:4902 OPT"
"304","36.024470458","2409:4042:2285:ab5e:7882:27e9:d694:e041","2a04:fa87:fffe::c000:4902","TCP","96","42788  >  443 [SYN] Seq=0 Win=64800 Len=0 MSS=1440 SACK_PERM=1 TSval=3260277693 TSecr=0 WS=128"
"305","36.029641778","151.101.65.69","192.168.43.15","TCP","76","443  >  57080 [SYN, ACK] Seq=0 Ack=1 Win=28960 Len=0 MSS=1370 SACK_PERM=1 TSval=529272481 TSecr=2670287157 WS=512"
"306","36.029680320","192.168.43.15","151.101.65.69","TCP","68","57080  >  443 [ACK] Seq=1 Ack=1 Win=64256 Len=0 TSval=2670287250 TSecr=529272481"
"307","36.029709127","151.101.65.69","192.168.43.15","TCP","76","443  >  57076 [SYN, ACK] Seq=0 Ack=1 Win=28960 Len=0 MSS=1370 SACK_PERM=1 TSval=334213942 TSecr=2670287154 WS=512"
"308","36.029718430","192.168.43.15","151.101.65.69","TCP","68","57076  >  443 [ACK] Seq=1 Ack=1 Win=64256 Len=0 TSval=2670287250 TSecr=334213942"
"309","36.029735837","151.101.65.69","192.168.43.15","TCP","76","443  >  57078 [SYN, ACK] Seq=0 Ack=1 Win=28960 Len=0 MSS=1370 SACK_PERM=1 TSval=204860614 TSecr=2670287154 WS=512"
"310","36.029742104","192.168.43.15","151.101.65.69","TCP","68","57078  >  443 [ACK] Seq=1 Ack=1 Win=64256 Len=0 TSval=2670287250 TSecr=204860614"
"311","36.032582964","192.168.43.15","151.101.65.69","TLSv1.2","585","Client Hello"
"312","36.033832871","151.101.65.69","192.168.43.15","TCP","76","443  >  57082 [SYN, ACK] Seq=0 Ack=1 Win=28960 Len=0 MSS=1370 SACK_PERM=1 TSval=334213943 TSecr=2670287157 WS=512"
"313","36.033853303","192.168.43.15","151.101.65.69","TCP","68","57082  >  443 [ACK] Seq=1 Ack=1 Win=64256 Len=0 TSval=2670287255 TSecr=334213943"
"314","36.035307024","192.168.43.15","151.101.65.69","TLSv1.2","585","Client Hello"
"315","36.056475029","192.168.43.15","151.101.65.69","TLSv1.2","585","Client Hello"
"316","36.059054679","192.168.43.15","151.101.65.69","TLSv1.2","585","Client Hello"
"317","36.103237955","2404:6800:4009:808::200a","2409:4042:2285:ab5e:7882:27e9:d694:e041","TCP","96","443  >  58662 [SYN, ACK] Seq=0 Ack=1 Win=65535 Len=0 MSS=1360 SACK_PERM=1 TSval=2914575705 TSecr=1602463588 WS=256"
"318","36.103285056","2409:4042:2285:ab5e:7882:27e9:d694:e041","2404:6800:4009:808::200a","TCP","88","58662  >  443 [ACK] Seq=1 Ack=1 Win=64896 Len=0 TSval=1602463677 TSecr=2914575705"
"319","36.106245685","2409:4042:2285:ab5e:7882:27e9:d694:e041","2404:6800:4009:808::200a","TLSv1.3","605","Client Hello"
"320","36.106727258","2a04:fa87:fffe::c000:4902","2409:4042:2285:ab5e:7882:27e9:d694:e041","TCP","88","443  >  42788 [SYN, ACK] Seq=0 Ack=1 Win=28800 Len=0 MSS=1370 SACK_PERM=1 WS=512"
"321","36.106754579","2409:4042:2285:ab5e:7882:27e9:d694:e041","2a04:fa87:fffe::c000:4902","TCP","76","42788  >  443 [ACK] Seq=1 Ack=1 Win=64896 Len=0"
"322","36.110594549","2409:4042:2285:ab5e:7882:27e9:d694:e041","2a04:fa87:fffe::c000:4902","TLSv1.3","593","Client Hello"
"323","36.149815584","151.101.65.69","192.168.43.15","TCP","68","443  >  57076 [ACK] Seq=1 Ack=518 Win=30208 Len=0 TSval=334213972 TSecr=2670287253"
"324","36.154308649","151.101.65.69","192.168.43.15","TLSv1.2","1426","Server Hello"
"325","36.154329416","192.168.43.15","151.101.65.69","TCP","68","57076  >  443 [ACK] Seq=518 Ack=1359 Win=64128 Len=0 TSval=2670287375 TSecr=334213973"
"326","36.156829321","151.101.65.69","192.168.43.15","TCP","1426","443  >  57076 [ACK] Seq=1359 Ack=518 Win=30208 Len=1358 TSval=334213973 TSecr=2670287253 [TCP segment of a reassembled PDU]"
"327","36.156844630","192.168.43.15","151.101.65.69","TCP","68","57076  >  443 [ACK] Seq=518 Ack=2717 Win=64128 Len=0 TSval=2670287378 TSecr=334213973"
"328","36.159977765","151.101.65.69","192.168.43.15","TLSv1.2","1318","Certificate, Certificate Status, Server Key Exchange, Server Hello Done"
"329","36.159990165","192.168.43.15","151.101.65.69","TCP","68","57076  >  443 [ACK] Seq=518 Ack=3967 Win=64128 Len=0 TSval=2670287381 TSecr=334213973"
"330","36.178674365","192.168.43.15","151.101.65.69","TLSv1.2","161","Client Key Exchange, Change Cipher Spec, Encrypted Handshake Message"
"331","36.184720560","192.168.43.15","151.101.65.69","TLSv1.2","245","Application Data"
"332","36.192217139","151.101.65.69","192.168.43.15","TCP","68","443  >  57078 [ACK] Seq=1 Ack=518 Win=30208 Len=0 TSval=204860654 TSecr=2670287256"
"333","36.195816519","151.101.65.69","192.168.43.15","TLSv1.2","1426","Server Hello"
"334","36.195834788","192.168.43.15","151.101.65.69","TCP","68","57078  >  443 [ACK] Seq=518 Ack=1359 Win=64128 Len=0 TSval=2670287416 TSecr=204860655"
"335","36.200005958","151.101.65.69","192.168.43.15","TCP","1426","443  >  57078 [ACK] Seq=1359 Ack=518 Win=30208 Len=1358 TSval=204860655 TSecr=2670287256 [TCP segment of a reassembled PDU]"
"336","36.200020895","192.168.43.15","151.101.65.69","TCP","68","57078  >  443 [ACK] Seq=518 Ack=2717 Win=64128 Len=0 TSval=2670287421 TSecr=204860655"
"337","36.203863252","151.101.65.69","192.168.43.15","TLSv1.2","1318","Certificate, Certificate Status, Server Key Exchange, Server Hello Done"
"338","36.203875779","192.168.43.15","151.101.65.69","TCP","68","57078  >  443 [ACK] Seq=518 Ack=3967 Win=64128 Len=0 TSval=2670287425 TSecr=204860655"
"339","36.205714778","192.168.43.15","151.101.65.69","TLSv1.2","161","Client Key Exchange, Change Cipher Spec, Encrypted Handshake Message"
"340","36.208710191","192.168.43.15","151.101.65.69","TLSv1.2","262","Application Data"
"341","36.226684002","151.101.65.69","192.168.43.15","TCP","68","443  >  57080 [ACK] Seq=1 Ack=518 Win=30208 Len=0 TSval=529272530 TSecr=2670287277"
"342","36.229011458","151.101.65.69","192.168.43.15","TLSv1.2","1426","Server Hello"
"343","36.229030144","192.168.43.15","151.101.65.69","TCP","68","57080  >  443 [ACK] Seq=518 Ack=1359 Win=64128 Len=0 TSval=2670287450 TSecr=529272531"
"344","36.231472672","151.101.65.69","192.168.43.15","TCP","1426","443  >  57080 [ACK] Seq=1359 Ack=518 Win=30208 Len=1358 TSval=529272531 TSecr=2670287277 [TCP segment of a reassembled PDU]"
"345","36.231490279","192.168.43.15","151.101.65.69","TCP","68","57080  >  443 [ACK] Seq=518 Ack=2717 Win=64128 Len=0 TSval=2670287452 TSecr=529272531"
"346","36.238014578","151.101.65.69","192.168.43.15","TLSv1.2","1318","Certificate, Certificate Status, Server Key Exchange, Server Hello Done"
"347","36.238036754","192.168.43.15","151.101.65.69","TCP","68","57080  >  443 [ACK] Seq=518 Ack=3967 Win=64128 Len=0 TSval=2670287459 TSecr=529272531"
"348","36.238823535","151.101.65.69","192.168.43.15","TCP","68","443  >  57082 [ACK] Seq=1 Ack=518 Win=30208 Len=0 TSval=334213993 TSecr=2670287280"
"349","36.240108519","192.168.43.15","151.101.65.69","TLSv1.2","161","Client Key Exchange, Change Cipher Spec, Encrypted Handshake Message"
"350","36.241096679","151.101.65.69","192.168.43.15","TLSv1.2","1426","Server Hello"
"351","36.241110301","192.168.43.15","151.101.65.69","TCP","68","57082  >  443 [ACK] Seq=518 Ack=1359 Win=64128 Len=0 TSval=2670287462 TSecr=334213993"
"352","36.243100032","192.168.43.15","151.101.65.69","TLSv1.2","262","Application Data"
"353","36.243557230","151.101.65.69","192.168.43.15","TLSv1.2","2676","Certificate, Certificate Status, Server Key Exchange, Server Hello Done"
"354","36.243571000","192.168.43.15","151.101.65.69","TCP","68","57082  >  443 [ACK] Seq=518 Ack=3967 Win=63488 Len=0 TSval=2670287464 TSecr=334213993"
"355","36.255681020","192.168.43.15","151.101.65.69","TLSv1.2","161","Client Key Exchange, Change Cipher Spec, Encrypted Handshake Message"
"356","36.267920463","2404:6800:4009:808::200a","2409:4042:2285:ab5e:7882:27e9:d694:e041","TCP","88","443  >  58662 [ACK] Seq=1 Ack=518 Win=66816 Len=0 TSval=2914575884 TSecr=1602463680"
"357","36.268221382","192.168.43.15","151.101.65.69","TLSv1.2","262","Application Data"
"358","36.276937656","2a04:fa87:fffe::c000:4902","2409:4042:2285:ab5e:7882:27e9:d694:e041","TCP","76","443  >  42788 [ACK] Seq=1 Ack=518 Win=30208 Len=0"
"359","36.279126735","2a04:fa87:fffe::c000:4902","2409:4042:2285:ab5e:7882:27e9:d694:e041","TLSv1.3","1446","Server Hello, Change Cipher Spec, Application Data"
"360","36.279144179","2409:4042:2285:ab5e:7882:27e9:d694:e041","2a04:fa87:fffe::c000:4902","TCP","76","42788  >  443 [ACK] Seq=518 Ack=1371 Win=64128 Len=0"
"361","36.281212449","2a04:fa87:fffe::c000:4902","2409:4042:2285:ab5e:7882:27e9:d694:e041","TCP","1446","443  >  42788 [ACK] Seq=1371 Ack=518 Win=30208 Len=1370 [TCP segment of a reassembled PDU]"
"362","36.281227851","2409:4042:2285:ab5e:7882:27e9:d694:e041","2a04:fa87:fffe::c000:4902","TCP","76","42788  >  443 [ACK] Seq=518 Ack=2741 Win=64128 Len=0"
"363","36.284806999","2a04:fa87:fffe::c000:4902","2409:4042:2285:ab5e:7882:27e9:d694:e041","TCP","1432","443  >  42788 [PSH, ACK] Seq=2741 Ack=518 Win=30208 Len=1356 [TCP segment of a reassembled PDU]"
"364","36.284822222","2409:4042:2285:ab5e:7882:27e9:d694:e041","2a04:fa87:fffe::c000:4902","TCP","76","42788  >  443 [ACK] Seq=518 Ack=4097 Win=64128 Len=0"
"365","36.292573254","2a04:fa87:fffe::c000:4902","2409:4042:2285:ab5e:7882:27e9:d694:e041","TLSv1.3","1724","Application Data, Application Data, Application Data"
"366","36.292589258","2409:4042:2285:ab5e:7882:27e9:d694:e041","2a04:fa87:fffe::c000:4902","TCP","76","42788  >  443 [ACK] Seq=518 Ack=5745 Win=63488 Len=0"
"367","36.303715061","151.101.65.69","192.168.43.15","TLSv1.2","326","New Session Ticket, Change Cipher Spec, Encrypted Handshake Message"
"368","36.304929534","151.101.65.69","192.168.43.15","TLSv1.2","134","Application Data"
"369","36.304945582","151.101.65.69","192.168.43.15","TLSv1.2","326","New Session Ticket, Change Cipher Spec, Encrypted Handshake Message"
"370","36.308480163","2409:4042:2285:ab5e:7882:27e9:d694:e041","2a04:fa87:fffe::c000:4902","TLSv1.3","140","Change Cipher Spec, Application Data"
"371","36.308938920","151.101.65.69","192.168.43.15","TLSv1.2","134","Application Data"
"372","36.316763712","151.101.65.69","192.168.43.15","TLSv1.2","326","New Session Ticket, Change Cipher Spec, Encrypted Handshake Message"
"373","36.316973380","192.168.43.15","151.101.65.69","TCP","68","57076  >  443 [ACK] Seq=788 Ack=4291 Win=64128 Len=0 TSval=2670287538 TSecr=334214005"
"374","36.317152183","192.168.43.15","151.101.65.69","TLSv1.2","106","Application Data"
"375","36.317716657","192.168.43.15","151.101.65.69","TCP","68","57078  >  443 [ACK] Seq=805 Ack=4291 Win=64128 Len=0 TSval=2670287538 TSecr=204860679"
"376","36.318085743","2409:4042:2285:ab5e:7882:27e9:d694:e041","2a04:fa87:fffe::c000:4902","TLSv1.3","246","Application Data"
"377","36.318223827","192.168.43.15","151.101.65.69","TLSv1.2","99","Encrypted Alert"
"378","36.318252874","192.168.43.15","151.101.65.69","TCP","68","57078  >  443 [FIN, ACK] Seq=836 Ack=4291 Win=64128 Len=0 TSval=2670287539 TSecr=204860679"
"379","36.323854028","151.101.65.69","192.168.43.15","TLSv1.2","134","Application Data"
"380","36.324071134","192.168.43.15","151.101.65.69","TCP","68","57080  >  443 [ACK] Seq=805 Ack=4291 Win=64128 Len=0 TSval=2670287545 TSecr=529272553"
"381","36.324236983","192.168.43.15","151.101.65.69","TLSv1.2","99","Encrypted Alert"
"382","36.324368295","192.168.43.15","151.101.65.69","TCP","68","57080  >  443 [FIN, ACK] Seq=836 Ack=4291 Win=64128 Len=0 TSval=2670287545 TSecr=529272553"
"383","36.327546971","2404:6800:4009:808::200a","2409:4042:2285:ab5e:7882:27e9:d694:e041","TLSv1.3","1296","Server Hello, Change Cipher Spec"
"384","36.327563957","2409:4042:2285:ab5e:7882:27e9:d694:e041","2404:6800:4009:808::200a","TCP","88","58662  >  443 [ACK] Seq=518 Ack=1209 Win=64128 Len=0 TSval=1602463901 TSecr=2914575944"
"385","36.329328859","2404:6800:4009:808::200a","2409:4042:2285:ab5e:7882:27e9:d694:e041","TCP","1296","443  >  58662 [ACK] Seq=1209 Ack=518 Win=66816 Len=1208 TSval=2914575944 TSecr=1602463680 [TCP segment of a reassembled PDU]"
"386","36.329345415","2409:4042:2285:ab5e:7882:27e9:d694:e041","2404:6800:4009:808::200a","TCP","88","58662  >  443 [ACK] Seq=518 Ack=2417 Win=63488 Len=0 TSval=1602463903 TSecr=2914575944"
"387","36.344030669","2404:6800:4009:808::200a","2409:4042:2285:ab5e:7882:27e9:d694:e041","TLSv1.3","1588","Application Data"
"388","36.344056117","2409:4042:2285:ab5e:7882:27e9:d694:e041","2404:6800:4009:808::200a","TCP","88","58662  >  443 [ACK] Seq=518 Ack=3917 Win=63488 Len=0 TSval=1602463918 TSecr=2914575944"
"389","36.345279505","151.101.65.69","192.168.43.15","TLSv1.2","326","New Session Ticket, Change Cipher Spec, Encrypted Handshake Message"
"390","36.363895278","2a04:fa87:fffe::c000:4902","2409:4042:2285:ab5e:7882:27e9:d694:e041","TLSv1.3","347","Application Data"
"391","36.363918576","2a04:fa87:fffe::c000:4902","2409:4042:2285:ab5e:7882:27e9:d694:e041","TLSv1.3","347","Application Data"
"392","36.365084009","2a04:fa87:fffe::c000:4902","2409:4042:2285:ab5e:7882:27e9:d694:e041","TLSv1.3","138","Application Data"
"393","36.365094728","151.101.65.69","192.168.43.15","TLSv1.2","134","Application Data"
"394","36.367564088","2409:4042:2285:ab5e:7882:27e9:d694:e041","2a04:fa87:fffe::c000:4902","TCP","76","42788  >  443 [ACK] Seq=752 Ack=6349 Win=64128 Len=0"
"395","36.367729516","2409:4042:2285:ab5e:7882:27e9:d694:e041","2a04:fa87:fffe::c000:4902","TLSv1.3","107","Application Data"
"396","36.380225739","127.0.0.1","127.0.0.53","DNS","86","Standard query 0xd078 A ocsp.pki.goog OPT"
"397","36.380496449","192.168.43.15","192.168.43.110","DNS","75","Standard query 0x4fa9 A ocsp.pki.goog"
"398","36.380652193","127.0.0.1","127.0.0.53","DNS","86","Standard query 0x088b AAAA ocsp.pki.goog OPT"
"399","36.380828084","192.168.43.15","192.168.43.110","DNS","75","Standard query 0x1d28 AAAA ocsp.pki.goog"
"400","36.387814582","192.168.43.15","151.101.65.69","TCP","68","57082  >  443 [ACK] Seq=805 Ack=4291 Win=64128 Len=0 TSval=2670287608 TSecr=334214018"
"401","36.391567759","2a04:fa87:fffe::c000:4902","2409:4042:2285:ab5e:7882:27e9:d694:e041","TLSv1.3","107","Application Data"
"402","36.399141670","151.101.65.69","192.168.43.15","TLSv1.2","99","Encrypted Alert"
"403","36.399172708","192.168.43.15","151.101.65.69","TCP","56","57078  >  443 [RST] Seq=836 Win=0 Len=0"
"404","36.399207509","151.101.65.69","192.168.43.15","TCP","68","443  >  57078 [FIN, ACK] Seq=4322 Ack=836 Win=31232 Len=0 TSval=204860706 TSecr=2670287539"
"405","36.399215926","192.168.43.15","151.101.65.69","TCP","56","57078  >  443 [RST] Seq=836 Win=0 Len=0"
"406","36.400501354","192.168.43.15","151.101.65.69","TLSv1.2","99","Encrypted Alert"
"407","36.400604801","192.168.43.15","151.101.65.69","TCP","68","57082  >  443 [FIN, ACK] Seq=836 Ack=4291 Win=64128 Len=0 TSval=2670287621 TSecr=334214018"
"408","36.406008658","151.101.65.69","192.168.43.15","TLSv1.2","99","Encrypted Alert"
"409","36.406034094","192.168.43.15","151.101.65.69","TCP","56","57080  >  443 [RST] Seq=837 Win=0 Len=0"
"410","36.406066589","151.101.65.69","192.168.43.15","TCP","68","443  >  57080 [FIN, ACK] Seq=4322 Ack=837 Win=31232 Len=0 TSval=529272575 TSecr=2670287545"
"411","36.406074177","192.168.43.15","151.101.65.69","TCP","56","57080  >  443 [RST] Seq=837 Win=0 Len=0"
"412","36.407185340","151.101.65.69","192.168.43.15","TCP","68","443  >  57078 [ACK] Seq=4323 Ack=837 Win=31232 Len=0 TSval=204860708 TSecr=2670287539"
"413","36.407197789","192.168.43.15","151.101.65.69","TCP","56","57078  >  443 [RST] Seq=837 Win=0 Len=0"
"414","36.415146164","AsustekC_2a:97:28","","ARP","62","Who has 192.168.43.84? Tell 192.168.43.110"
"415","36.430748881","151.101.65.69","192.168.43.15","TCP","68","443  >  57076 [ACK] Seq=4291 Ack=826 Win=31232 Len=0 TSval=334214043 TSecr=2670287538"
"416","36.436639731","2409:4042:2285:ab5e:7882:27e9:d694:e041","2a04:fa87:fffe::c000:4902","TCP","76","42788  >  443 [ACK] Seq=783 Ack=6380 Win=64128 Len=0"
"417","36.450292602","192.168.43.110","192.168.43.15","DNS","126","Standard query response 0x4fa9 A ocsp.pki.goog CNAME pki-goog.l.google.com A 172.217.160.163"
"418","36.450726626","127.0.0.53","127.0.0.1","DNS","137","Standard query response 0xd078 A ocsp.pki.goog CNAME pki-goog.l.google.com A 172.217.160.163 OPT"
"419","36.463218684","192.168.43.110","192.168.43.15","DNS","138","Standard query response 0x1d28 AAAA ocsp.pki.goog CNAME pki-goog.l.google.com AAAA 2404:6800:4009:80a::2003"
"420","36.463635954","127.0.0.53","127.0.0.1","DNS","149","Standard query response 0x088b AAAA ocsp.pki.goog CNAME pki-goog.l.google.com AAAA 2404:6800:4009:80a::2003 OPT"
"421","36.464118035","2409:4042:2285:ab5e:7882:27e9:d694:e041","2404:6800:4009:80a::2003","TCP","96","51926  >  80 [SYN] Seq=0 Win=64800 Len=0 MSS=1440 SACK_PERM=1 TSval=3765902735 TSecr=0 WS=128"
"422","36.472301555","151.101.65.69","192.168.43.15","TLSv1.2","99","Encrypted Alert"
"423","36.472333738","192.168.43.15","151.101.65.69","TCP","56","57082  >  443 [RST] Seq=836 Win=0 Len=0"
"424","36.472369691","151.101.65.69","192.168.43.15","TCP","68","443  >  57082 [FIN, ACK] Seq=4322 Ack=836 Win=31232 Len=0 TSval=334214053 TSecr=2670287621"
"425","36.472377616","192.168.43.15","151.101.65.69","TCP","56","57082  >  443 [RST] Seq=836 Win=0 Len=0"
"426","36.480759289","151.101.65.69","192.168.43.15","TCP","68","443  >  57082 [ACK] Seq=4323 Ack=837 Win=31232 Len=0 TSval=334214054 TSecr=2670287621"
"427","36.480777229","192.168.43.15","151.101.65.69","TCP","56","57082  >  443 [RST] Seq=837 Win=0 Len=0"
"428","36.508621897","2a04:fa87:fffe::c000:4902","2409:4042:2285:ab5e:7882:27e9:d694:e041","TCP","76","443  >  42788 [ACK] Seq=6380 Ack=783 Win=31232 Len=0"
"429","36.525107812","2404:6800:4009:80a::2003","2409:4042:2285:ab5e:7882:27e9:d694:e041","TCP","96","80  >  51926 [SYN, ACK] Seq=0 Ack=1 Win=65535 Len=0 MSS=1360 SACK_PERM=1 TSval=2695851104 TSecr=3765902735 WS=256"
"430","36.525152886","2409:4042:2285:ab5e:7882:27e9:d694:e041","2404:6800:4009:80a::2003","TCP","88","51926  >  80 [ACK] Seq=1 Ack=1 Win=64896 Len=0 TSval=3765902796 TSecr=2695851104"
"431","36.525539020","2409:4042:2285:ab5e:7882:27e9:d694:e041","2404:6800:4009:80a::2003","OCSP","470","Request"
"432","36.605660407","2404:6800:4009:80a::2003","2409:4042:2285:ab5e:7882:27e9:d694:e041","TCP","88","80  >  51926 [ACK] Seq=1 Ack=383 Win=66816 Len=0 TSval=2695851182 TSecr=3765902796"
"433","36.666416281","2404:6800:4009:80a::2003","2409:4042:2285:ab5e:7882:27e9:d694:e041","OCSP","790","Response"
"434","36.666445346","2409:4042:2285:ab5e:7882:27e9:d694:e041","2404:6800:4009:80a::2003","TCP","88","51926  >  80 [ACK] Seq=383 Ack=703 Win=64256 Len=0 TSval=3765902937 TSecr=2695851243"
"435","36.673557258","2409:4042:2285:ab5e:7882:27e9:d694:e041","2404:6800:4009:808::200a","TLSv1.3","152","Change Cipher Spec, Application Data"
"436","36.674321340","2409:4042:2285:ab5e:7882:27e9:d694:e041","2404:6800:4009:808::200a","TLSv1.3","258","Application Data"
"437","36.755700216","2404:6800:4009:808::200a","2409:4042:2285:ab5e:7882:27e9:d694:e041","TCP","88","443  >  58662 [ACK] Seq=3917 Ack=582 Win=66816 Len=0 TSval=2914576364 TSecr=1602464247"
"438","36.755725395","2404:6800:4009:808::200a","2409:4042:2285:ab5e:7882:27e9:d694:e041","TLSv1.3","652","Application Data, Application Data"
"439","36.755740300","2409:4042:2285:ab5e:7882:27e9:d694:e041","2404:6800:4009:808::200a","TCP","88","58662  >  443 [ACK] Seq=752 Ack=4481 Win=64128 Len=0 TSval=1602464329 TSecr=2914576364"
"440","36.756341873","2409:4042:2285:ab5e:7882:27e9:d694:e041","2404:6800:4009:808::200a","TLSv1.3","119","Application Data"
"441","36.757313072","2404:6800:4009:808::200a","2409:4042:2285:ab5e:7882:27e9:d694:e041","TLSv1.3","119","Application Data"
"442","36.800190774","2409:4042:2285:ab5e:7882:27e9:d694:e041","2404:6800:4009:808::200a","TCP","88","58662  >  443 [ACK] Seq=783 Ack=4512 Win=64128 Len=0 TSval=1602464374 TSecr=2914576373"
"443","36.839477500","2404:6800:4009:808::200a","2409:4042:2285:ab5e:7882:27e9:d694:e041","TCP","88","443  >  58662 [ACK] Seq=4512 Ack=783 Win=67840 Len=0 TSval=2914576454 TSecr=1602464330"
"444","38.466678074","127.0.0.1","127.0.0.53","DNS","97","Standard query 0x1b15 A detectportal.firefox.com OPT"
"445","38.467367775","127.0.0.53","127.0.0.1","DNS","255","Standard query response 0x1b15 A detectportal.firefox.com CNAME detectportal.prod.mozaws.net CNAME detectportal.firefox.com-v2.edgesuite.net CNAME a1089.dscd.akamai.net A 49.44.198.218 A 49.44.198.184 OPT"
"446","38.467420564","127.0.0.1","127.0.0.53","DNS","97","Standard query 0x1325 AAAA detectportal.firefox.com OPT"
"447","38.468122479","127.0.0.53","127.0.0.1","DNS","279","Standard query response 0x1325 AAAA detectportal.firefox.com CNAME detectportal.prod.mozaws.net CNAME detectportal.firefox.com-v2.edgesuite.net CNAME a1089.dscd.akamai.net AAAA 2405:200:160b:1731::312c:c6b8 AAAA 2405:200:160b:1731::312c:c6da OPT"
"448","38.469435767","2409:4042:2285:ab5e:7882:27e9:d694:e041","2405:200:160b:1731::312c:c6da","HTTP","384","GET /success.txt HTTP/1.1 "
"449","38.582887242","2405:200:160b:1731::312c:c6da","2409:4042:2285:ab5e:7882:27e9:d694:e041","HTTP","472","HTTP/1.1 200 OK  (text/plain)"
"450","38.582930975","2409:4042:2285:ab5e:7882:27e9:d694:e041","2405:200:160b:1731::312c:c6da","TCP","88","36136  >  80 [ACK] Seq=1481 Ack=1921 Win=64128 Len=0 TSval=3850990853 TSecr=3289040853"
"451","40.894228837","192.168.43.15","13.227.143.99","TCP","76","35072  >  443 [SYN] Seq=0 Win=64240 Len=0 MSS=1460 SACK_PERM=1 TSval=2454765409 TSecr=0 WS=128"
"452","40.924967300","192.168.43.15","151.101.1.69","TCP","76","48042  >  443 [SYN] Seq=0 Win=64240 Len=0 MSS=1460 SACK_PERM=1 TSval=1585137314 TSecr=0 WS=128"
"453","40.927319370","127.0.0.1","127.0.0.53","DNS","88","Standard query 0x9f59 A cdn.sstatic.net OPT"
"454","40.927662418","127.0.0.53","127.0.0.1","DNS","152","Standard query response 0x9f59 A cdn.sstatic.net A 151.101.65.69 A 151.101.1.69 A 151.101.193.69 A 151.101.129.69 OPT"
"455","40.927706852","127.0.0.1","127.0.0.53","DNS","88","Standard query 0xe36a AAAA cdn.sstatic.net OPT"
"456","40.927877145","127.0.0.53","127.0.0.1","DNS","88","Standard query response 0xe36a AAAA cdn.sstatic.net OPT"
"457","40.929636241","192.168.43.15","151.101.65.69","TCP","76","57094  >  443 [SYN] Seq=0 Win=64240 Len=0 MSS=1460 SACK_PERM=1 TSval=2670292150 TSecr=0 WS=128"
"458","40.959901457","192.168.43.15","117.18.237.29","TCP","68","[TCP Keep-Alive] 38470  >  80 [ACK] Seq=379 Ack=789 Win=64128 Len=0 TSval=289003039 TSecr=3725122439"
"459","40.960023090","192.168.43.15","117.18.237.29","TCP","68","[TCP Keep-Alive] 38468  >  80 [ACK] Seq=379 Ack=789 Win=64128 Len=0 TSval=289003039 TSecr=3780567385"
"460","40.990238357","13.227.143.99","192.168.43.15","TCP","76","443  >  35072 [SYN, ACK] Seq=0 Ack=1 Win=28960 Len=0 MSS=1370 SACK_PERM=1 TSval=373532086 TSecr=2454765409 WS=256"
"461","40.990285139","192.168.43.15","13.227.143.99","TCP","68","35072  >  443 [ACK] Seq=1 Ack=1 Win=64256 Len=0 TSval=2454765505 TSecr=373532086"
"462","40.993679946","151.101.1.69","192.168.43.15","TCP","76","443  >  48042 [SYN, ACK] Seq=0 Ack=1 Win=28960 Len=0 MSS=1370 SACK_PERM=1 TSval=75809989 TSecr=1585137314 WS=512"
"463","40.993707591","192.168.43.15","151.101.1.69","TCP","68","48042  >  443 [ACK] Seq=1 Ack=1 Win=64256 Len=0 TSval=1585137382 TSecr=75809989"
"464","40.994173249","192.168.43.15","13.227.143.99","TLSv1.2","623","Client Hello"
"465","41.000196106","151.101.65.69","192.168.43.15","TCP","76","443  >  57094 [SYN, ACK] Seq=0 Ack=1 Win=28960 Len=0 MSS=1370 SACK_PERM=1 TSval=76513719 TSecr=2670292150 WS=512"
"466","41.000230424","192.168.43.15","151.101.65.69","TCP","68","57094  >  443 [ACK] Seq=1 Ack=1 Win=64256 Len=0 TSval=2670292221 TSecr=76513719"
"467","41.015292739","AsustekC_2a:97:28","","ARP","62","Who has 192.168.43.15? Tell 192.168.43.110"
"468","41.015315990","PcsCompu_33:94:08","","ARP","44","192.168.43.15 is at 08:00:27:33:94:08"
"469","41.023711371","192.168.43.15","151.101.1.69","TLSv1.2","585","Client Hello"
"470","41.049022353","117.18.237.29","192.168.43.15","TCP","68","[TCP Keep-Alive ACK] 80  >  38468 [ACK] Seq=789 Ack=380 Win=145920 Len=0 TSval=3780577579 TSecr=288992952"
"471","41.049042561","117.18.237.29","192.168.43.15","TCP","68","[TCP Keep-Alive ACK] 80  >  38470 [ACK] Seq=789 Ack=380 Win=145920 Len=0 TSval=3725132592 TSecr=288992985"
"472","41.057965994","192.168.43.15","151.101.65.69","TLSv1.2","585","Client Hello"
"473","41.079314367","13.227.143.99","192.168.43.15","TCP","68","443  >  35072 [ACK] Seq=1 Ack=556 Win=30208 Len=0 TSval=373532095 TSecr=2454765509"
"474","41.079341819","13.227.143.99","192.168.43.15","TLSv1.2","220","Server Hello, Change Cipher Spec, Encrypted Handshake Message"
"475","41.079362393","192.168.43.15","13.227.143.99","TCP","68","35072  >  443 [ACK] Seq=556 Ack=153 Win=64128 Len=0 TSval=2454765594 TSecr=373532095"
"476","41.080648823","192.168.43.15","13.227.143.99","TLSv1.2","119","Change Cipher Spec, Encrypted Handshake Message"
"477","41.112124243","151.101.1.69","192.168.43.15","TCP","68","443  >  48042 [ACK] Seq=1 Ack=518 Win=30208 Len=0 TSval=75810019 TSecr=1585137412"
"478","41.112206250","151.101.1.69","192.168.43.15","TLSv1.2","1426","Server Hello"
"479","41.112224378","192.168.43.15","151.101.1.69","TCP","68","48042  >  443 [ACK] Seq=518 Ack=1359 Win=64128 Len=0 TSval=1585137501 TSecr=75810019"
"480","41.112427983","151.101.1.69","192.168.43.15","TCP","1426","443  >  48042 [ACK] Seq=1359 Ack=518 Win=30208 Len=1358 TSval=75810019 TSecr=1585137412 [TCP segment of a reassembled PDU]"
"481","41.112442288","192.168.43.15","151.101.1.69","TCP","68","48042  >  443 [ACK] Seq=518 Ack=2717 Win=63488 Len=0 TSval=1585137501 TSecr=75810019"
"482","41.119281083","151.101.1.69","192.168.43.15","TLSv1.2","1318","Certificate, Certificate Status, Server Key Exchange, Server Hello Done"
"483","41.119303819","192.168.43.15","151.101.1.69","TCP","68","48042  >  443 [ACK] Seq=518 Ack=3967 Win=62592 Len=0 TSval=1585137508 TSecr=75810019"
"484","41.121658956","192.168.43.15","13.227.143.99","TLSv1.2","400","Application Data"
"485","41.130240344","192.168.43.15","151.101.1.69","TLSv1.2","161","Client Key Exchange, Change Cipher Spec, Encrypted Handshake Message"
"486","41.139139456","192.168.43.15","151.101.1.69","TLSv1.2","262","Application Data"
"487","41.168165137","151.101.65.69","192.168.43.15","TCP","68","443  >  57094 [ACK] Seq=1 Ack=518 Win=30208 Len=0 TSval=76513758 TSecr=2670292279"
"488","41.168194849","151.101.65.69","192.168.43.15","TLSv1.2","4034","Server Hello, Certificate, Certificate Status, Server Key Exchange, Server Hello Done"
"489","41.168219190","192.168.43.15","151.101.65.69","TCP","68","57094  >  443 [ACK] Seq=518 Ack=3967 Win=62592 Len=0 TSval=2670292389 TSecr=76513758"
"490","41.168260898","13.227.143.99","192.168.43.15","TCP","68","443  >  35072 [ACK] Seq=153 Ack=607 Win=30208 Len=0 TSval=373532103 TSecr=2454765595"
"491","41.170518164","192.168.43.15","151.101.65.69","TLSv1.2","161","Client Key Exchange, Change Cipher Spec, Encrypted Handshake Message"
"492","41.174983091","192.168.43.15","151.101.65.69","TLSv1.2","245","Application Data"
"493","41.175222532","192.168.43.15","151.101.65.69","TLSv1.2","383","Application Data"
"494","41.243338329","13.227.143.99","192.168.43.15","TCP","68","443  >  35072 [ACK] Seq=153 Ack=939 Win=31232 Len=0 TSval=373532108 TSecr=2454765636"
"495","41.243417994","13.227.143.99","192.168.43.15","TCP","1426","443  >  35072 [ACK] Seq=153 Ack=939 Win=31232 Len=1358 TSval=373532108 TSecr=2454765636 [TCP segment of a reassembled PDU]"
"496","41.284317316","192.168.43.15","13.227.143.99","TCP","68","35072  >  443 [ACK] Seq=939 Ack=1511 Win=64128 Len=0 TSval=2454765799 TSecr=373532108"
"497","41.290006878","13.227.143.99","192.168.43.15","TCP","1426","443  >  35072 [ACK] Seq=1511 Ack=939 Win=31232 Len=1358 TSval=373532108 TSecr=2454765636 [TCP segment of a reassembled PDU]"
"498","41.290038203","192.168.43.15","13.227.143.99","TCP","68","35072  >  443 [ACK] Seq=939 Ack=2869 Win=64128 Len=0 TSval=2454765805 TSecr=373532108"
"499","41.293114542","192.168.43.15","151.101.1.69","TCP","262","[TCP Retransmission] 48042  >  443 [PSH, ACK] Seq=611 Ack=3967 Win=64128 Len=194 TSval=1585137682 TSecr=75810019"
"500","41.302023548","127.0.0.1","127.0.0.53","DNS","90","Standard query 0x679c A i.stack.imgur.com OPT"
"501","41.302553177","192.168.43.15","192.168.43.110","DNS","98","Standard query 0x1f38 A i.stack.imgur.com.cdn.cloudflare.net"
"502","41.302878688","127.0.0.1","127.0.0.53","DNS","90","Standard query 0x4bad AAAA i.stack.imgur.com OPT"
"503","41.303531420","192.168.43.15","192.168.43.110","DNS","98","Standard query 0x761b AAAA i.stack.imgur.com.cdn.cloudflare.net"
"504","41.308718986","13.227.143.99","192.168.43.15","TCP","1426","443  >  35072 [ACK] Seq=2869 Ack=939 Win=31232 Len=1358 TSval=373532108 TSecr=2454765636 [TCP segment of a reassembled PDU]"
"505","41.308743359","192.168.43.15","13.227.143.99","TCP","68","35072  >  443 [ACK] Seq=939 Ack=4227 Win=64128 Len=0 TSval=2454765823 TSecr=373532108"
"506","41.309817842","192.168.43.110","192.168.43.15","DNS","98","Standard query response 0x761b AAAA i.stack.imgur.com.cdn.cloudflare.net"
"507","41.310046742","127.0.0.53","127.0.0.1","DNS","140","Standard query response 0x4bad AAAA i.stack.imgur.com CNAME i.stack.imgur.com.cdn.cloudflare.net OPT"
"508","41.312265083","13.227.143.99","192.168.43.15","TCP","2784","443  >  35072 [ACK] Seq=4227 Ack=939 Win=31232 Len=2716 TSval=373532108 TSecr=2454765636 [TCP segment of a reassembled PDU]"
"509","41.312288908","192.168.43.15","13.227.143.99","TCP","68","35072  >  443 [ACK] Seq=939 Ack=6943 Win=63488 Len=0 TSval=2454765827 TSecr=373532108"
"510","41.317241854","13.227.143.99","192.168.43.15","TLSv1.2","7980","Application Data, Application Data"
"511","41.317266197","192.168.43.15","13.227.143.99","TCP","68","35072  >  443 [ACK] Seq=939 Ack=14855 Win=59648 Len=0 TSval=2454765832 TSecr=373532108"
"512","41.326475198","151.101.1.69","192.168.43.15","TLSv1.2","326","New Session Ticket, Change Cipher Spec, Encrypted Handshake Message"
"513","41.326506051","151.101.1.69","192.168.43.15","TLSv1.2","134","Application Data"
"514","41.326514485","151.101.65.69","192.168.43.15","TLSv1.2","326","New Session Ticket, Change Cipher Spec, Encrypted Handshake Message"
"515","41.326519730","151.101.65.69","192.168.43.15","TLSv1.2","134","Application Data"
"516","41.326568513","151.101.65.69","192.168.43.15","TCP","1426","443  >  57094 [ACK] Seq=4291 Ack=1103 Win=32256 Len=1358 TSval=76513798 TSecr=2670292396 [TCP segment of a reassembled PDU]"
"517","41.327111609","192.168.43.15","151.101.1.69","TCP","68","48042  >  443 [ACK] Seq=805 Ack=4291 Win=64128 Len=0 TSval=1585137716 TSecr=75810043"
"518","41.327405898","192.168.43.15","151.101.65.69","TCP","68","57094  >  443 [ACK] Seq=1103 Ack=5649 Win=63488 Len=0 TSval=2670292548 TSecr=76513787"
"519","41.328017355","192.168.43.15","151.101.65.69","TLSv1.2","106","Application Data"
"520","41.328322375","192.168.43.15","151.101.1.69","TLSv1.2","99","Encrypted Alert"
"521","41.328418721","192.168.43.15","151.101.1.69","TCP","68","48042  >  443 [FIN, ACK] Seq=836 Ack=4291 Win=64128 Len=0 TSval=1585137717 TSecr=75810043"
"522","41.331163052","192.168.43.15","151.101.65.69","TLSv1.2","354","Application Data"
"523","41.331755400","192.168.43.15","151.101.65.69","TLSv1.2","110","Application Data"
"524","41.349732575","2409:4042:2285:ab5e:7882:27e9:d694:e041","2a04:fa87:fffe::c000:4902","TLSv1.3","375","Application Data"
"525","41.349901817","151.101.65.69","192.168.43.15","TCP","1426","443  >  57094 [ACK] Seq=5649 Ack=1103 Win=32256 Len=1358 TSval=76513798 TSecr=2670292396 [TCP segment of a reassembled PDU]"
"526","41.350274947","151.101.65.69","192.168.43.15","TLSv1.2","140","Application Data"
"527","41.350292773","192.168.43.15","151.101.65.69","TCP","68","57094  >  443 [ACK] Seq=1141 Ack=7079 Win=64128 Len=0 TSval=2670292571 TSecr=76513798"
"528","41.351276572","2409:4042:2285:ab5e:7882:27e9:d694:e041","2a04:fa87:fffe::c000:4902","TLSv1.3","111","Application Data"
"529","41.355525496","151.101.65.69","192.168.43.15","TCP","1426","443  >  57094 [ACK] Seq=7079 Ack=1103 Win=32256 Len=1358 TSval=76513798 TSecr=2670292396 [TCP segment of a reassembled PDU]"
"530","41.365108146","151.101.65.69","192.168.43.15","TCP","1426","443  >  57094 [ACK] Seq=8437 Ack=1103 Win=32256 Len=1358 TSval=76513798 TSecr=2670292396 [TCP segment of a reassembled PDU]"
"531","41.365134953","192.168.43.15","151.101.65.69","TCP","68","57094  >  443 [ACK] Seq=1141 Ack=9795 Win=64128 Len=0 TSval=2670292586 TSecr=76513798"
"532","41.368289513","151.101.65.69","192.168.43.15","TLSv1.2","140","Application Data"
"533","41.369947817","151.101.65.69","192.168.43.15","TLSv1.2","946","Application Data"
"534","41.370067011","192.168.43.15","151.101.65.69","TCP","68","57094  >  443 [ACK] Seq=1141 Ack=10745 Win=64128 Len=0 TSval=2670292591 TSecr=76513798"
"535","41.384051446","13.227.143.99","192.168.43.15","TLSv1.2","1190","[TCP Spurious Retransmission] , Ignored Unknown Record"
"536","41.384081929","192.168.43.15","13.227.143.99","TCP","80","[TCP Window Update] 35072  >  443 [ACK] Seq=939 Ack=14855 Win=64128 Len=0 TSval=2454765899 TSecr=373532123 SLE=13733 SRE=14855"
"537","41.386937235","192.168.43.110","192.168.43.15","DNS","290","Standard query response 0x1f38 A i.stack.imgur.com.cdn.cloudflare.net A 104.16.29.34 A 104.16.30.34 A 104.16.28.34 A 104.16.26.34 A 104.16.1.35 A 104.16.3.35 A 104.16.25.34 A 104.16.0.35 A 104.16.31.34 A 104.16.27.34 A 104.16.2.35 A 104.16.24.34"
"538","41.387522399","127.0.0.53","127.0.0.1","DNS","332","Standard query response 0x679c A i.stack.imgur.com CNAME i.stack.imgur.com.cdn.cloudflare.net A 104.16.29.34 A 104.16.30.34 A 104.16.28.34 A 104.16.26.34 A 104.16.1.35 A 104.16.3.35 A 104.16.25.34 A 104.16.0.35 A 104.16.31.34 A 104.16.27.34 A 104.16.2.35 A 104.16.24.34 OPT"
"539","41.389142515","192.168.43.15","104.16.29.34","TCP","76","54198  >  443 [SYN] Seq=0 Win=64240 Len=0 MSS=1460 SACK_PERM=1 TSval=3392833845 TSecr=0 WS=128"
"540","41.389396592","192.168.43.15","104.16.29.34","TCP","76","54200  >  443 [SYN] Seq=0 Win=64240 Len=0 MSS=1460 SACK_PERM=1 TSval=3392833845 TSecr=0 WS=128"
"541","41.389747665","192.168.43.15","104.16.29.34","TCP","76","54202  >  443 [SYN] Seq=0 Win=64240 Len=0 MSS=1460 SACK_PERM=1 TSval=3392833845 TSecr=0 WS=128"
"542","41.391909304","151.101.1.69","192.168.43.15","TCP","80","[TCP Dup ACK 513#1] 443  >  48042 [ACK] Seq=4291 Ack=805 Win=31232 Len=0 TSval=75810090 TSecr=1585137716 SLE=611 SRE=805"
"543","41.406542528","151.101.1.69","192.168.43.15","TCP","68","443  >  48042 [ACK] Seq=4291 Ack=836 Win=31232 Len=0 TSval=75810093 TSecr=1585137717"
"544","41.406568978","151.101.1.69","192.168.43.15","TLSv1.2","99","Encrypted Alert"
"545","41.406593427","192.168.43.15","151.101.1.69","TCP","56","48042  >  443 [RST] Seq=837 Win=0 Len=0"
"546","41.406632352","151.101.1.69","192.168.43.15","TCP","68","443  >  48042 [FIN, ACK] Seq=4322 Ack=837 Win=31232 Len=0 TSval=75810093 TSecr=1585137717"
"547","41.406640597","192.168.43.15","151.101.1.69","TCP","56","48042  >  443 [RST] Seq=837 Win=0 Len=0"
"548","41.424123122","151.101.65.69","192.168.43.15","TCP","68","443  >  57076 [ACK] Seq=4291 Ack=1112 Win=32256 Len=0 TSval=334215288 TSecr=2670292552"
"549","41.425703133","151.101.65.69","192.168.43.15","TCP","1426","443  >  57076 [ACK] Seq=4291 Ack=1112 Win=32256 Len=1358 TSval=334215288 TSecr=2670292552 [TCP segment of a reassembled PDU]"
"550","41.427946007","151.101.65.69","192.168.43.15","TLSv1.2","1498","Application Data"
"551","41.427967187","192.168.43.15","151.101.65.69","TCP","68","57076  >  443 [ACK] Seq=1154 Ack=7079 Win=64128 Len=0 TSval=2670292649 TSecr=334215288"
"552","41.430843549","151.101.65.69","192.168.43.15","TCP","1426","443  >  57076 [ACK] Seq=7079 Ack=1112 Win=32256 Len=1358 TSval=334215288 TSecr=2670292552 [TCP segment of a reassembled PDU]"
"553","41.431279662","151.101.65.69","192.168.43.15","TLSv1.2","1498","Application Data"
"554","41.431292877","192.168.43.15","151.101.65.69","TCP","68","57076  >  443 [ACK] Seq=1154 Ack=9867 Win=64128 Len=0 TSval=2670292652 TSecr=334215288"
"555","41.435788454","151.101.65.69","192.168.43.15","TCP","1426","443  >  57076 [ACK] Seq=9867 Ack=1112 Win=32256 Len=1358 TSval=334215288 TSecr=2670292552 [TCP segment of a reassembled PDU]"
"556","41.439707683","151.101.65.69","192.168.43.15","TCP","1426","443  >  57076 [ACK] Seq=11225 Ack=1112 Win=32256 Len=1358 TSval=334215288 TSecr=2670292552 [TCP segment of a reassembled PDU]"
"557","41.439729846","192.168.43.15","151.101.65.69","TCP","68","57076  >  443 [ACK] Seq=1154 Ack=12583 Win=64128 Len=0 TSval=2670292660 TSecr=334215288"
"558","41.443139578","151.101.65.69","192.168.43.15","TLSv1.2","140","Application Data"
"559","41.450457375","2a04:fa87:fffe::c000:4902","2409:4042:2285:ab5e:7882:27e9:d694:e041","TCP","76","443  >  42788 [ACK] Seq=6380 Ack=1082 Win=32256 Len=0"
"560","41.450481273","2a04:fa87:fffe::c000:4902","2409:4042:2285:ab5e:7882:27e9:d694:e041","TCP","76","443  >  42788 [ACK] Seq=6380 Ack=1117 Win=32256 Len=0"
"561","41.450535689","151.101.65.69","192.168.43.15","TCP","1426","443  >  57076 [ACK] Seq=12655 Ack=1112 Win=32256 Len=1358 TSval=334215288 TSecr=2670292552 [TCP segment of a reassembled PDU]"
"562","41.450555064","192.168.43.15","151.101.65.69","TCP","68","57076  >  443 [ACK] Seq=1154 Ack=14013 Win=64128 Len=0 TSval=2670292671 TSecr=334215288"
"563","41.451718427","104.16.29.34","192.168.43.15","TCP","68","443  >  54198 [SYN, ACK] Seq=0 Ack=1 Win=29200 Len=0 MSS=1370 SACK_PERM=1 WS=1024"
"564","41.451749291","192.168.43.15","104.16.29.34","TCP","56","54198  >  443 [ACK] Seq=1 Ack=1 Win=64256 Len=0"
"565","41.454529056","192.168.43.15","104.16.29.34","TLSv1.2","573","Client Hello"
"566","41.463098000","104.16.29.34","192.168.43.15","TCP","68","443  >  54202 [SYN, ACK] Seq=0 Ack=1 Win=29200 Len=0 MSS=1370 SACK_PERM=1 WS=1024"
"567","41.463151284","192.168.43.15","104.16.29.34","TCP","56","54202  >  443 [ACK] Seq=1 Ack=1 Win=64256 Len=0"
"568","41.463193602","104.16.29.34","192.168.43.15","TCP","68","443  >  54200 [SYN, ACK] Seq=0 Ack=1 Win=29200 Len=0 MSS=1370 SACK_PERM=1 WS=1024"
"569","41.463206849","192.168.43.15","104.16.29.34","TCP","56","54200  >  443 [ACK] Seq=1 Ack=1 Win=64256 Len=0"
"570","41.464119586","151.101.65.69","192.168.43.15","TCP","68","443  >  57094 [ACK] Seq=10745 Ack=1141 Win=32256 Len=0 TSval=76513836 TSecr=2670292549"
"571","41.466559341","192.168.43.15","104.16.29.34","TLSv1.2","573","Client Hello"
"572","41.472653358","192.168.43.15","35.155.128.5","TCP","68","[TCP Keep-Alive] 54594  >  443 [ACK] Seq=1222 Ack=3321 Win=64128 Len=0 TSval=2295147826 TSecr=1701681766"
"573","41.480678246","151.101.65.69","192.168.43.15","TCP","68","443  >  57076 [ACK] Seq=14013 Ack=1154 Win=32256 Len=0 TSval=334215305 TSecr=2670292552"
"574","41.490958648","192.168.43.15","104.16.29.34","TLSv1.2","573","Client Hello"
"575","41.508501326","151.101.65.69","192.168.43.15","TCP","1426","443  >  57076 [ACK] Seq=14013 Ack=1154 Win=32256 Len=1358 TSval=334215308 TSecr=2670292649 [TCP segment of a reassembled PDU]"
"576","41.508881088","151.101.65.69","192.168.43.15","TLSv1.2","1426","Application Data [TCP segment of a reassembled PDU]"
"577","41.508902250","192.168.43.15","151.101.65.69","TCP","68","57076  >  443 [ACK] Seq=1154 Ack=16729 Win=64128 Len=0 TSval=2670292730 TSecr=334215308"
"578","41.511169465","151.101.65.69","192.168.43.15","TCP","1426","443  >  57076 [ACK] Seq=16729 Ack=1154 Win=32256 Len=1358 TSval=334215308 TSecr=2670292649 [TCP segment of a reassembled PDU]"
"579","41.516448201","151.101.65.69","192.168.43.15","TLSv1.2","1426","Application Data [TCP segment of a reassembled PDU]"
"580","41.516471159","192.168.43.15","151.101.65.69","TCP","68","57076  >  443 [ACK] Seq=1154 Ack=19445 Win=64128 Len=0 TSval=2670292737 TSecr=334215308"
"581","41.525817215","151.101.65.69","192.168.43.15","TCP","1426","443  >  57076 [ACK] Seq=19445 Ack=1154 Win=32256 Len=1358 TSval=334215308 TSecr=2670292649 [TCP segment of a reassembled PDU]"
"582","41.528863727","151.101.65.69","192.168.43.15","TLSv1.2","1426","Application Data [TCP segment of a reassembled PDU]"
"583","41.528882497","192.168.43.15","151.101.65.69","TCP","68","57076  >  443 [ACK] Seq=1154 Ack=22161 Win=64128 Len=0 TSval=2670292750 TSecr=334215308"
"584","41.543243979","151.101.65.69","192.168.43.15","TCP","1426","443  >  57076 [ACK] Seq=22161 Ack=1154 Win=32256 Len=1358 TSval=334215308 TSecr=2670292652 [TCP segment of a reassembled PDU]"
"585","41.544604900","151.101.65.69","192.168.43.15","TLSv1.2","1426","Application Data [TCP segment of a reassembled PDU]"
"586","41.544625767","192.168.43.15","151.101.65.69","TCP","68","57076  >  443 [ACK] Seq=1154 Ack=24877 Win=64128 Len=0 TSval=2670292765 TSecr=334215308"
"587","41.551156105","151.101.65.69","192.168.43.15","TCP","1426","443  >  57076 [ACK] Seq=24877 Ack=1154 Win=32256 Len=1358 TSval=334215308 TSecr=2670292652 [TCP segment of a reassembled PDU]"
"588","41.558654536","151.101.65.69","192.168.43.15","TLSv1.2","1426","Application Data [TCP segment of a reassembled PDU]"
"589","41.558679844","192.168.43.15","151.101.65.69","TCP","68","57076  >  443 [ACK] Seq=1154 Ack=27593 Win=64128 Len=0 TSval=2670292779 TSecr=334215308"
"590","41.575415091","151.101.65.69","192.168.43.15","TCP","1426","443  >  57076 [ACK] Seq=27593 Ack=1154 Win=32256 Len=1358 TSval=334215308 TSecr=2670292652 [TCP segment of a reassembled PDU]"
"591","41.583254909","151.101.65.69","192.168.43.15","TLSv1.2","1426","Application Data [TCP segment of a reassembled PDU]"
"592","41.583283529","192.168.43.15","151.101.65.69","TCP","68","57076  >  443 [ACK] Seq=1154 Ack=30309 Win=64128 Len=0 TSval=2670292804 TSecr=334215308"
"593","41.591091193","151.101.65.69","192.168.43.15","TLSv1.2","2141","Application Data, Application Data"
"594","41.591244619","192.168.43.15","151.101.65.69","TCP","68","57076  >  443 [ACK] Seq=1154 Ack=32382 Win=63488 Len=0 TSval=2670292812 TSecr=334215312"
"595","41.597368311","104.16.29.34","192.168.43.15","TCP","62","443  >  54198 [ACK] Seq=1 Ack=518 Win=30720 Len=0"
"596","41.602183813","104.16.29.34","192.168.43.15","TLSv1.2","2796","Server Hello"
"597","41.602212432","192.168.43.15","104.16.29.34","TCP","56","54198  >  443 [ACK] Seq=518 Ack=2741 Win=63488 Len=0"
"598","41.610348132","104.16.29.34","192.168.43.15","TLSv1.2","622","Certificate, Server Key Exchange, Server Hello Done"
"599","41.610374394","192.168.43.15","104.16.29.34","TCP","56","54198  >  443 [ACK] Seq=518 Ack=3307 Win=64128 Len=0"
"600","41.610418598","104.16.29.34","192.168.43.15","TCP","62","443  >  54202 [ACK] Seq=1 Ack=518 Win=30720 Len=0"
"601","41.614731615","192.168.43.15","104.16.29.34","TLSv1.2","149","Client Key Exchange, Change Cipher Spec, Encrypted Handshake Message"
"602","41.623132006","104.16.29.34","192.168.43.15","TLSv1.2","1426","Server Hello"
"603","41.623159088","192.168.43.15","104.16.29.34","TCP","56","54202  >  443 [ACK] Seq=518 Ack=1371 Win=64128 Len=0"
"604","41.629985503","104.16.29.34","192.168.43.15","TCP","1426","443  >  54202 [ACK] Seq=1371 Ack=518 Win=30720 Len=1370 [TCP segment of a reassembled PDU]"
"605","41.630007452","192.168.43.15","104.16.29.34","TCP","56","54202  >  443 [ACK] Seq=518 Ack=2741 Win=64128 Len=0"
"606","41.640659675","104.16.29.34","192.168.43.15","TLSv1.2","622","Certificate, Server Key Exchange, Server Hello Done"
"607","41.640683899","192.168.43.15","104.16.29.34","TCP","56","54202  >  443 [ACK] Seq=518 Ack=3307 Win=64128 Len=0"
"608","41.640725956","104.16.29.34","192.168.43.15","TCP","62","443  >  54200 [ACK] Seq=1 Ack=518 Win=30720 Len=0"
"609","41.642551809","192.168.43.15","104.16.29.34","TLSv1.2","149","Client Key Exchange, Change Cipher Spec, Encrypted Handshake Message"
"610","41.647665889","104.16.29.34","192.168.43.15","TLSv1.2","1426","Server Hello"
"611","41.647686354","192.168.43.15","104.16.29.34","TCP","56","54200  >  443 [ACK] Seq=518 Ack=1371 Win=64128 Len=0"
"612","41.663025485","104.16.29.34","192.168.43.15","TCP","1426","443  >  54200 [ACK] Seq=1371 Ack=518 Win=30720 Len=1370 [TCP segment of a reassembled PDU]"
"613","41.663052587","192.168.43.15","104.16.29.34","TCP","56","54200  >  443 [ACK] Seq=518 Ack=2741 Win=64128 Len=0"
"614","41.665106163","104.16.29.34","192.168.43.15","TLSv1.2","622","Certificate, Server Key Exchange, Server Hello Done"
"615","41.665123394","192.168.43.15","104.16.29.34","TCP","56","54200  >  443 [ACK] Seq=518 Ack=3307 Win=64128 Len=0"
"616","41.667456388","104.16.29.34","192.168.43.15","TCP","622","[TCP Spurious Retransmission] 443  >  54198 [PSH, ACK] Seq=2741 Ack=518 Win=30720 Len=566[Reassembly error, protocol TCP: New fragment overlaps old data (retransmission?)]"
"617","41.667474709","192.168.43.15","104.16.29.34","TCP","68","[TCP Dup ACK 599#1] 54198  >  443 [ACK] Seq=611 Ack=3307 Win=64128 Len=0 SLE=2741 SRE=3307"
"618","41.674791638","192.168.43.15","104.16.29.34","TLSv1.2","149","Client Key Exchange, Change Cipher Spec, Encrypted Handshake Message"
"619","41.706318420","104.16.29.34","192.168.43.15","TLSv1.2","314","New Session Ticket, Change Cipher Spec, Encrypted Handshake Message"
"620","41.706358038","192.168.43.15","104.16.29.34","TCP","56","54198  >  443 [ACK] Seq=611 Ack=3565 Win=64128 Len=0"
"621","41.706402008","104.16.29.34","192.168.43.15","TLSv1.2","125","Application Data"
"622","41.706411947","192.168.43.15","104.16.29.34","TCP","56","54198  >  443 [ACK] Seq=611 Ack=3634 Win=64128 Len=0"
"623","41.723907501","104.16.29.34","192.168.43.15","TCP","622","[TCP Spurious Retransmission] 443  >  54200 [PSH, ACK] Seq=2741 Ack=518 Win=30720 Len=566[Reassembly error, protocol TCP: New fragment overlaps old data (retransmission?)]"
"624","41.723936456","192.168.43.15","104.16.29.34","TCP","68","[TCP Dup ACK 615#1] 54200  >  443 [ACK] Seq=611 Ack=3307 Win=64128 Len=0 SLE=2741 SRE=3307"
"625","41.748192322","104.16.29.34","192.168.43.15","TLSv1.2","314","New Session Ticket, Change Cipher Spec, Encrypted Handshake Message"
"626","41.749350713","104.16.29.34","192.168.43.15","TLSv1.2","125","Application Data"
"627","41.754631123","104.16.29.34","192.168.43.15","TLSv1.2","314","New Session Ticket, Change Cipher Spec, Encrypted Handshake Message"
"628","41.754661475","192.168.43.15","104.16.29.34","TCP","56","54200  >  443 [ACK] Seq=611 Ack=3565 Win=64128 Len=0"
"629","41.754696826","104.16.29.34","192.168.43.15","TLSv1.2","125","Application Data"
"630","41.754703678","192.168.43.15","104.16.29.34","TCP","56","54200  >  443 [ACK] Seq=611 Ack=3634 Win=64128 Len=0"
"631","41.771708360","35.155.128.5","192.168.43.15","TCP","68","[TCP Keep-Alive ACK] 443  >  54594 [ACK] Seq=3321 Ack=1223 Win=28416 Len=0 TSval=1701692096 TSecr=2295137797"
"632","41.791976525","192.168.43.15","104.16.29.34","TCP","56","54202  >  443 [ACK] Seq=611 Ack=3634 Win=64128 Len=0"
"633","41.901980434","192.168.43.15","117.18.237.29","OCSP","447","Request"
"634","41.902573918","192.168.43.15","117.18.237.29","OCSP","447","Request"
"635","41.905690289","192.168.43.15","117.18.237.29","TCP","76","38498  >  80 [SYN] Seq=0 Win=64240 Len=0 MSS=1460 SACK_PERM=1 TSval=289003984 TSecr=0 WS=128"
"636","42.004768570","117.18.237.29","192.168.43.15","OCSP","856","Response"
"637","42.004806111","192.168.43.15","117.18.237.29","TCP","68","38468  >  80 [ACK] Seq=759 Ack=1577 Win=64128 Len=0 TSval=289004083 TSecr=3780578534"
"638","42.005438857","192.168.43.15","117.18.237.29","OCSP","447","Request"
"639","42.023670851","117.18.237.29","192.168.43.15","TCP","76","80  >  38498 [SYN, ACK] Seq=0 Ack=1 Win=65535 Len=0 MSS=1370 SACK_PERM=1 TSval=1868103426 TSecr=289003984 WS=512"
"640","42.023836869","192.168.43.15","117.18.237.29","TCP","68","38498  >  80 [ACK] Seq=1 Ack=1 Win=64256 Len=0 TSval=289004102 TSecr=1868103426"
"641","42.025672931","117.18.237.29","192.168.43.15","OCSP","856","Response"
"642","42.025699696","192.168.43.15","117.18.237.29","TCP","68","38470  >  80 [ACK] Seq=759 Ack=1577 Win=64128 Len=0 TSval=289004104 TSecr=3725133563"
"643","42.165004950","117.18.237.29","192.168.43.15","OCSP","856","Response"
"644","42.207808645","192.168.43.15","117.18.237.29","TCP","68","38468  >  80 [ACK] Seq=1138 Ack=2365 Win=64128 Len=0 TSval=289004286 TSecr=3780578659"
"645","44.145215554","192.168.43.15","104.16.29.34","TLSv1.2","233","Application Data"
"646","44.145630103","192.168.43.15","104.16.29.34","TLSv1.2","94","Application Data"
"647","44.148765208","192.168.43.15","104.16.29.34","TLSv1.2","250","Application Data"
"648","44.149167724","192.168.43.15","104.16.29.34","TLSv1.2","87","Encrypted Alert"
"649","44.149289292","192.168.43.15","104.16.29.34","TCP","56","54202  >  443 [FIN, ACK] Seq=836 Ack=3634 Win=64128 Len=0"
"650","44.166494313","192.168.43.15","104.16.29.34","TLSv1.2","250","Application Data"
"651","44.166919738","192.168.43.15","104.16.29.34","TLSv1.2","87","Encrypted Alert"
"652","44.167029076","192.168.43.15","104.16.29.34","TCP","56","54200  >  443 [FIN, ACK] Seq=836 Ack=3634 Win=64128 Len=0"
"653","44.230899284","127.0.0.1","127.0.0.53","DNS","88","Standard query 0x773b A cdn.sstatic.net OPT"
"654","44.231436600","127.0.0.53","127.0.0.1","DNS","152","Standard query response 0x773b A cdn.sstatic.net A 151.101.65.69 A 151.101.1.69 A 151.101.193.69 A 151.101.129.69 OPT"
"655","44.231804637","127.0.0.1","127.0.0.53","DNS","88","Standard query 0xc34c AAAA cdn.sstatic.net OPT"
"656","44.232024508","127.0.0.53","127.0.0.1","DNS","88","Standard query response 0xc34c AAAA cdn.sstatic.net OPT"
"657","44.234118682","192.168.43.15","151.101.65.69","TLSv1.2","159","Application Data"
"658","44.307929996","192.168.43.15","104.16.29.34","TCP","94","[TCP Retransmission] 54198  >  443 [PSH, ACK] Seq=788 Ack=3634 Win=64128 Len=38"
"659","44.331793438","192.168.43.15","104.16.29.34","TCP","56","[TCP Retransmission] 54202  >  443 [FIN, ACK] Seq=836 Ack=3634 Win=64128 Len=0"
"660","44.344498739","192.168.43.15","104.16.29.34","TCP","56","[TCP Retransmission] 54200  >  443 [FIN, ACK] Seq=836 Ack=3634 Win=64128 Len=0"
"661","44.344839401","127.0.0.1","127.0.0.53","DNS","98","Standard query 0x5b06 A www.googletagservices.com OPT"
"662","44.345320210","192.168.43.15","192.168.43.110","DNS","88","Standard query 0x6eba A pagead46.l.doubleclick.net"
"663","44.345511556","127.0.0.1","127.0.0.53","DNS","98","Standard query 0xcb13 AAAA www.googletagservices.com OPT"
"664","44.345869291","192.168.43.15","192.168.43.110","DNS","88","Standard query 0x5bb7 AAAA pagead46.l.doubleclick.net"
"665","44.348752480","127.0.0.1","127.0.0.53","DNS","97","Standard query 0x4b33 A www.google-analytics.com OPT"
"666","44.349098565","192.168.43.15","192.168.43.110","DNS","95","Standard query 0xcffd A www-google-analytics.l.google.com"
"667","44.349232129","127.0.0.1","127.0.0.53","DNS","97","Standard query 0x293d AAAA www.google-analytics.com OPT"
"668","44.349625782","192.168.43.15","192.168.43.110","DNS","95","Standard query 0xbab8 AAAA www-google-analytics.l.google.com"
"669","44.353142698","127.0.0.1","127.0.0.53","DNS","94","Standard query 0x0fcf A secure.quantserve.com OPT"
"670","44.353436218","192.168.43.15","192.168.43.110","DNS","83","Standard query 0x0cb9 A secure.quantserve.com"
"671","44.353574107","127.0.0.1","127.0.0.53","DNS","94","Standard query 0x6bd8 AAAA secure.quantserve.com OPT"
"672","44.353753817","192.168.43.15","192.168.43.110","DNS","83","Standard query 0xd51a AAAA secure.quantserve.com"
"673","44.372666162","127.0.0.1","127.0.0.53","DNS","97","Standard query 0x2f8d A sb.scorecardresearch.com OPT"
"674","44.373229590","192.168.43.15","192.168.43.110","DNS","85","Standard query 0xf6ac A e1879.e7.akamaiedge.net"
"675","44.373608446","127.0.0.1","127.0.0.53","DNS","97","Standard query 0x0b9b AAAA sb.scorecardresearch.com OPT"
"676","44.374153516","192.168.43.15","192.168.43.110","DNS","85","Standard query 0x629f AAAA e1879.e7.akamaiedge.net"
"677","44.380616812","192.168.43.110","192.168.43.15","DNS","85","Standard query response 0x629f AAAA e1879.e7.akamaiedge.net"
"678","44.380841553","127.0.0.53","127.0.0.1","DNS","181","Standard query response 0x0b9b AAAA sb.scorecardresearch.com CNAME sb.scorecardresearch.com.edgekey.net CNAME e1879.e7.akamaiedge.net OPT"
"679","44.389534884","192.168.43.15","151.101.65.69","TLSv1.2","227","Application Data"
"680","44.390250888","192.168.43.15","151.101.65.69","TLSv1.2","110","Application Data"
"681","44.391139933","192.168.43.15","151.101.65.69","TLSv1.2","165","Application Data"
"682","44.391933872","192.168.43.15","151.101.65.69","TLSv1.2","110","Application Data"
"683","44.392935936","192.168.43.15","151.101.65.69","TLSv1.2","110","Application Data"
"684","44.560548180","192.168.43.15","151.101.65.69","TCP","110","[TCP Retransmission] 57094  >  443 [PSH, ACK] Seq=1232 Ack=10745 Win=64128 Len=42 TSval=2670295781 TSecr=76513836"
"685","44.607874290","192.168.43.15","104.16.29.34","TCP","271","[TCP Retransmission] 54198  >  443 [PSH, ACK] Seq=611 Ack=3634 Win=64128 Len=215"
"686","44.622908674","104.16.29.34","192.168.43.15","TLSv1.2","94","Application Data"
"687","44.622944603","192.168.43.15","104.16.29.34","TCP","56","54198  >  443 [ACK] Seq=826 Ack=3672 Win=64128 Len=0"
"688","44.624184766","192.168.43.15","151.101.65.69","TCP","110","[TCP Retransmission] 57076  >  443 [PSH, ACK] Seq=1452 Ack=32382 Win=64128 Len=42 TSval=2670295845 TSecr=334215312"
"689","44.640277457","192.168.43.15","104.16.29.34","TCP","281","[TCP Retransmission] 54200  >  443 [FIN, PSH, ACK] Seq=611 Ack=3634 Win=64128 Len=225"
"690","44.640378942","192.168.43.15","104.16.29.34","TCP","281","[TCP Retransmission] 54202  >  443 [FIN, PSH, ACK] Seq=611 Ack=3634 Win=64128 Len=225"
"691","44.895982048","192.168.43.15","151.101.65.69","TCP","201","[TCP Retransmission] 57094  >  443 [PSH, ACK] Seq=1141 Ack=10745 Win=64128 Len=133 TSval=2670296117 TSecr=76513836"
"692","44.900113851","104.16.29.34","192.168.43.15","TCP","62","443  >  54198 [ACK] Seq=3672 Ack=826 Win=31744 Len=0"
"693","44.959951735","192.168.43.15","151.101.65.69","TCP","408","[TCP Retransmission] 57076  >  443 [PSH, ACK] Seq=1154 Ack=32382 Win=64128 Len=340 TSval=2670296181 TSecr=334215312"
"694","45.216107448","192.168.43.15","104.16.29.34","TCP","281","[TCP Retransmission] 54200  >  443 [FIN, PSH, ACK] Seq=611 Ack=3634 Win=64128 Len=225"
"695","45.247851516","192.168.43.15","104.16.29.34","TCP","281","[TCP Retransmission] 54202  >  443 [FIN, PSH, ACK] Seq=611 Ack=3634 Win=64128 Len=225"
"696","45.348672631","151.101.65.69","192.168.43.15","TCP","80","[TCP Window Update] 443  >  57094 [ACK] Seq=10745 Ack=1141 Win=33280 Len=0 TSval=76514807 TSecr=2670292549 SLE=1232 SRE=1274"
"697","45.362648689","151.101.65.69","192.168.43.15","TCP","80","[TCP Window Update] 443  >  57076 [ACK] Seq=32382 Ack=1154 Win=33280 Len=0 TSval=334216276 TSecr=2670292812 SLE=1452 SRE=1494"
"698","45.363519745","104.16.29.34","192.168.43.15","TCP","68","[TCP Dup ACK 692#1] 443  >  54198 [ACK] Seq=3672 Ack=826 Win=31744 Len=0 SLE=611 SRE=826"
"699","45.368932944","104.16.29.34","192.168.43.15","TCP","62","443  >  54200 [FIN, ACK] Seq=3634 Ack=837 Win=31744 Len=0"
"700","45.368960223","192.168.43.15","104.16.29.34","TCP","56","54200  >  443 [ACK] Seq=837 Ack=3635 Win=64128 Len=0"
"701","45.376715202","104.16.29.34","192.168.43.15","TCP","62","443  >  54202 [FIN, ACK] Seq=3634 Ack=837 Win=31744 Len=0"
"702","45.376739620","192.168.43.15","104.16.29.34","TCP","56","54202  >  443 [ACK] Seq=837 Ack=3635 Win=64128 Len=0"
"703","45.388603226","151.101.65.69","192.168.43.15","TCP","80","443  >  57094 [ACK] Seq=10745 Ack=1274 Win=34816 Len=0 TSval=76514817 TSecr=2670296117 SLE=1232 SRE=1274"
"704","45.400837785","151.101.65.69","192.168.43.15","TCP","80","443  >  57076 [ACK] Seq=32382 Ack=1494 Win=34816 Len=0 TSval=334216285 TSecr=2670296181 SLE=1452 SRE=1494"
"705","45.418692230","104.16.29.34","192.168.43.15","TCP","68","[TCP Dup ACK 701#1] 443  >  54202 [ACK] Seq=3635 Ack=837 Win=31744 Len=0 SLE=611 SRE=837"
"706","45.420246784","127.0.0.1","127.0.0.53","DNS","101","Standard query 0x771e A qa.sockets.stackexchange.com OPT"
"707","45.420532848","192.168.43.15","192.168.43.110","DNS","90","Standard query 0xd6bd A qa.sockets.stackexchange.com"
"708","45.420678575","127.0.0.1","127.0.0.53","DNS","101","Standard query 0xc92e AAAA qa.sockets.stackexchange.com OPT"
"709","45.420868687","192.168.43.15","192.168.43.110","DNS","90","Standard query 0x02e5 AAAA qa.sockets.stackexchange.com"
"710","45.465860064","192.168.43.15","151.101.65.69","TLSv1.2","379","Application Data"
